"","PD04705XD"
"","Cotizaciones internacionales - Petróleo (West Texas Intermediate, US$ por barriles)"
02Ene97,25.69
03Ene97,25.59
06Ene97,26.24
07Ene97,26.23
08Ene97,26.62
09Ene97,26.37
10Ene97,26.09
13Ene97,25.19
14Ene97,25.11
15Ene97,25.95
16Ene97,25.52
17Ene97,25.41
20Ene97,25.23
21Ene97,24.8
22Ene97,24.29
23Ene97,23.93
24Ene97,24.1
27Ene97,23.94
28Ene97,23.9
29Ene97,24.47
30Ene97,24.87
31Ene97,24.15
03Feb97,24.15
04Feb97,24.02
05Feb97,23.91
06Feb97,23.1
07Feb97,22.23
10Feb97,22.46
11Feb97,22.42
12Feb97,21.86
13Feb97,22.02
14Feb97,22.41
17Feb97,n.d.
18Feb97,22.52
19Feb97,22.79
20Feb97,21.98
21Feb97,21.64
24Feb97,20.93
25Feb97,20.9
26Feb97,21.11
27Feb97,20.89
28Feb97,20.3
03Mar97,20.25
04Mar97,20.66
05Mar97,20.49
06Mar97,20.94
07Mar97,21.28
10Mar97,20.49
11Mar97,20.11
12Mar97,20.61
13Mar97,20.7
14Mar97,21.29
17Mar97,20.92
18Mar97,22.06
19Mar97,22.04
20Mar97,22.32
21Mar97,21.69
24Mar97,21.06
25Mar97,20.93
26Mar97,20.64
27Mar97,20.7
28Mar97,n.d.
31Mar97,20.41
01Abr97,20.28
02Abr97,19.47
03Abr97,19.47
04Abr97,19.12
07Abr97,19.23
08Abr97,19.35
09Abr97,19.27
10Abr97,19.57
11Abr97,19.61
14Abr97,19.9
15Abr97,19.83
16Abr97,19.35
17Abr97,19.42
18Abr97,19.91
21Abr97,20.38
22Abr97,19.6
23Abr97,19.73
24Abr97,19.83
25Abr97,19.82
28Abr97,19.91
29Abr97,20.44
30Abr97,20.21
01May97,19.91
02May97,19.6
05May97,19.63
06May97,19.66
07May97,19.62
08May97,20.35
09May97,20.43
12May97,21.38
13May97,21.37
14May97,21.39
15May97,21.3
16May97,22.12
19May97,21.59
20May97,21.19
21May97,21.66
22May97,21.51
23May97,21.23
26May97,n.d.
27May97,20.79
28May97,20.79
29May97,20.97
30May97,20.88
02Jun97,20.98
03Jun97,20.33
04Jun97,20.12
05Jun97,19.66
06Jun97,18.79
09Jun97,18.68
10Jun97,18.67
11Jun97,18.53
12Jun97,18.69
13Jun97,18.83
16Jun97,19.01
17Jun97,19.23
18Jun97,18.79
19Jun97,18.67
20Jun97,18.55
23Jun97,18.84
24Jun97,18.68
25Jun97,19.17
26Jun97,19.09
27Jun97,19.46
30Jun97,19.8
01Jul97,20.12
02Jul97,20.34
03Jul97,19.56
04Jul97,n.d.
07Jul97,19.52
08Jul97,19.73
09Jul97,19.46
10Jul97,19.22
11Jul97,19.33
14Jul97,18.99
15Jul97,19.67
16Jul97,19.65
17Jul97,19.99
18Jul97,19.27
21Jul97,19.18
22Jul97,19.08
23Jul97,19.35
24Jul97,19.53
25Jul97,19.69
28Jul97,19.81
29Jul97,19.85
30Jul97,20.3
31Jul97,20.14
01Ago97,20.28
04Ago97,20.75
05Ago97,20.81
06Ago97,20.46
07Ago97,20.09
08Ago97,19.54
11Ago97,19.69
12Ago97,19.99
13Ago97,20.19
14Ago97,20.08
15Ago97,20.07
18Ago97,19.91
19Ago97,20.12
20Ago97,20.06
21Ago97,19.45
22Ago97,19.52
25Ago97,19.11
26Ago97,19.28
27Ago97,19.73
28Ago97,19.58
29Ago97,19.61
01Set97,n.d.
02Set97,19.65
03Set97,19.61
04Set97,19.4
05Set97,19.63
08Set97,19.45
09Set97,19.42
10Set97,19.42
11Set97,19.53
12Set97,19.32
15Set97,19.27
16Set97,19.61
17Set97,19.42
18Set97,19.38
19Set97,19.35
22Set97,19.6
23Set97,19.79
24Set97,19.82
25Set97,20.25
26Set97,20.87
29Set97,21.26
30Set97,21.18
01Oct97,21.05
02Oct97,21.77
03Oct97,22.76
06Oct97,21.93
07Oct97,21.96
08Oct97,22.18
09Oct97,22.12
10Oct97,22.1
13Oct97,21.32
14Oct97,20.7
15Oct97,20.57
16Oct97,20.97
17Oct97,20.59
20Oct97,20.7
21Oct97,20.67
22Oct97,21.24
23Oct97,20.84
24Oct97,20.79
27Oct97,21.07
28Oct97,20.46
29Oct97,20.71
30Oct97,21.22
31Oct97,21.08
03Nov97,20.96
04Nov97,20.7
05Nov97,20.31
06Nov97,20.39
07Nov97,20.77
10Nov97,20.4
11Nov97,20.51
12Nov97,20.49
13Nov97,20.7
14Nov97,21
17Nov97,20.26
18Nov97,20.04
19Nov97,19.8
20Nov97,19.16
21Nov97,19.41
24Nov97,19.43
25Nov97,19.33
26Nov97,19.15
27Nov97,19.15
28Nov97,n.d.
01Dic97,18.66
02Dic97,18.76
03Dic97,18.8
04Dic97,18.6
05Dic97,18.71
08Dic97,18.84
09Dic97,18.67
10Dic97,18.14
11Dic97,18.15
12Dic97,18.21
15Dic97,18.17
16Dic97,18.17
17Dic97,18.19
18Dic97,18.52
19Dic97,18.39
22Dic97,18.18
23Dic97,18.19
24Dic97,18.25
25Dic97,n.d.
26Dic97,18.2
29Dic97,17.62
30Dic97,17.6
31Dic97,17.64
01Ene98,n.d.
02Ene98,17.43
05Ene98,16.89
06Ene98,16.91
07Ene98,16.82
08Ene98,16.97
09Ene98,16.63
12Ene98,16.47
13Ene98,16.43
14Ene98,16.45
15Ene98,16.34
16Ene98,16.51
19Ene98,n.d.
20Ene98,16.42
21Ene98,16.18
22Ene98,15.84
23Ene98,15.59
26Ene98,16.82
27Ene98,16.98
28Ene98,17.31
29Ene98,17.82
30Ene98,17.21
02Feb98,17.05
03Feb98,16.5
04Feb98,16.37
05Feb98,16.58
06Feb98,16.7
09Feb98,16.63
10Feb98,16.43
11Feb98,16.15
12Feb98,15.96
13Feb98,16.02
16Feb98,n.d.
17Feb98,15.66
18Feb98,16.25
19Feb98,16.16
20Feb98,16.15
23Feb98,15.18
24Feb98,15.15
25Feb98,15.26
26Feb98,15.41
27Feb98,15.5
02Mar98,15.43
03Mar98,15.36
04Mar98,15.43
05Mar98,15.45
06Mar98,15.03
09Mar98,14.45
10Mar98,14.39
11Mar98,14.31
12Mar98,14.32
13Mar98,13.76
16Mar98,13.4
17Mar98,13.35
18Mar98,14.47
19Mar98,14.39
20Mar98,14.35
23Mar98,16.32
24Mar98,15.74
25Mar98,16.39
26Mar98,16.91
27Mar98,16.84
30Mar98,16.3
31Mar98,15.7
01Abr98,15.63
02Abr98,15.83
03Abr98,n.d.
06Abr98,15.53
07Abr98,15.3
08Abr98,15.63
09Abr98,15.64
10Abr98,n.d.
13Abr98,15.4
14Abr98,15.2
15Abr98,15.54
16Abr98,15.97
17Abr98,15.53
20Abr98,15.48
21Abr98,15.5
22Abr98,14.97
23Abr98,13.11
24Abr98,13.27
27Abr98,15.4
28Abr98,15.83
29Abr98,15.41
30Abr98,15.48
01May98,16.23
04May98,16.05
05May98,15.56
06May98,15.45
07May98,15.31
08May98,15.2
11May98,15.21
12May98,15.26
13May98,14.97
14May98,15.11
15May98,14.52
18May98,14.1
19May98,12.99
20May98,13.37
21May98,14.17
22May98,14.58
25May98,n.d.
26May98,14.87
27May98,15.02
28May98,14.88
29May98,15.23
01Jun98,14.99
02Jun98,14.87
03Jun98,14.84
04Jun98,15.16
05Jun98,15.12
08Jun98,14.58
09Jun98,13.88
10Jun98,13.52
11Jun98,12.8
12Jun98,12.64
15Jun98,11.61
16Jun98,12.03
17Jun98,12.64
18Jun98,11.82
19Jun98,11.89
22Jun98,13.5
23Jun98,14.41
24Jun98,14.54
25Jun98,14.09
26Jun98,14.2
29Jun98,14.15
30Jun98,14.26
01Jul98,14.45
02Jul98,14.57
03Jul98,n.d.
06Jul98,14
07Jul98,13.69
08Jul98,13.92
09Jul98,13.92
10Jul98,13.91
13Jul98,13.94
14Jul98,14.58
15Jul98,14.89
16Jul98,14.54
17Jul98,14.01
20Jul98,13.38
21Jul98,13.85
22Jul98,14.09
23Jul98,13.83
24Jul98,13.79
27Jul98,14.27
28Jul98,14.33
29Jul98,14.14
30Jul98,14.26
31Jul98,14.26
03Ago98,13.76
04Ago98,13.8
05Ago98,13.73
06Ago98,13.8
07Ago98,13.84
10Ago98,13.09
11Ago98,12.81
12Ago98,12.76
13Ago98,13.26
14Ago98,13.4
17Ago98,13.25
18Ago98,12.97
19Ago98,13.2
20Ago98,13.61
21Ago98,13.26
24Ago98,13.5
25Ago98,13.61
26Ago98,13.61
27Ago98,13.27
28Ago98,13.54
31Ago98,13.38
01Set98,13.77
02Set98,13.71
03Set98,14.7
04Set98,14.62
07Set98,n.d.
08Set98,14.32
09Set98,14.15
10Set98,14.7
11Set98,14.37
14Set98,14.46
15Set98,14.61
16Set98,14.58
17Set98,14.92
18Set98,15.55
21Set98,15.56
22Set98,15.72
23Set98,15.62
24Set98,15.83
25Set98,15.58
28Set98,15.67
29Set98,16.01
30Set98,16.17
01Oct98,15.46
02Oct98,15.67
05Oct98,15.43
06Oct98,15.54
07Oct98,15.1
08Oct98,14.46
09Oct98,14.62
12Oct98,14.48
13Oct98,14.27
14Oct98,14.08
15Oct98,14.09
16Oct98,14.19
19Oct98,13.37
20Oct98,13.44
21Oct98,13.91
22Oct98,13.81
23Oct98,13.84
26Oct98,14.26
27Oct98,14.16
28Oct98,14.32
29Oct98,14.27
30Oct98,14.45
02Nov98,14.4
03Nov98,14.24
04Nov98,14.17
05Nov98,14.01
06Nov98,13.9
09Nov98,13.42
10Nov98,13.56
11Nov98,13.59
12Nov98,13.88
13Nov98,13.61
16Nov98,12.85
17Nov98,12.49
18Nov98,12.18
19Nov98,12.19
20Nov98,12.19
23Nov98,11.89
24Nov98,11.44
25Nov98,11
26Nov98,n.d.
27Nov98,n.d.
30Nov98,11.26
01Dic98,11.18
02Dic98,11.28
03Dic98,11.24
04Dic98,11.22
07Dic98,11.51
08Dic98,11.35
09Dic98,11.2
10Dic98,10.76
11Dic98,10.83
14Dic98,11.33
15Dic98,11.59
16Dic98,12.42
17Dic98,11.08
18Dic98,10.99
21Dic98,10.83
22Dic98,10.9
23Dic98,11.08
24Dic98,10.98
25Dic98,n.d.
28Dic98,11.5
29Dic98,11.76
30Dic98,11.79
31Dic98,12.09
01Ene99,n.d.
04Ene99,12.38
05Ene99,12.03
06Ene99,12.83
07Ene99,13.12
08Ene99,13.1
11Ene99,13.47
12Ene99,12.91
13Ene99,12.33
14Ene99,12.17
15Ene99,12.13
18Ene99,n.d.
19Ene99,12.1
20Ene99,11.81
21Ene99,12.36
22Ene99,12.6
25Ene99,12.32
26Ene99,12.08
27Ene99,12.33
28Ene99,12.47
29Ene99,12.76
01Feb99,12.38
02Feb99,12.31
03Feb99,12.39
04Feb99,12.02
05Feb99,11.81
08Feb99,11.67
09Feb99,11.69
10Feb99,11.76
11Feb99,11.86
12Feb99,11.89
15Feb99,n.d.
16Feb99,11.37
17Feb99,11.53
18Feb99,12.04
19Feb99,11.76
22Feb99,11.96
23Feb99,12.43
24Feb99,12.47
25Feb99,12.56
26Feb99,12.28
01Mar99,12.24
02Mar99,12.51
03Mar99,12.93
04Mar99,13.36
05Mar99,13.3
08Mar99,13.63
09Mar99,13.85
10Mar99,14.69
11Mar99,14.31
12Mar99,14.49
15Mar99,14.45
16Mar99,14.46
17Mar99,15.05
18Mar99,15
19Mar99,15.24
22Mar99,15.5
23Mar99,15.34
24Mar99,15.14
25Mar99,15.52
26Mar99,16.18
29Mar99,16.44
30Mar99,16.8
31Mar99,16.76
01Abr99,16.64
02Abr99,n.d.
05Abr99,16.95
06Abr99,16.82
07Abr99,16.03
08Abr99,15.83
09Abr99,16.57
12Abr99,16.4
13Abr99,16.72
14Abr99,16.47
15Abr99,16.87
16Abr99,17.33
19Abr99,17.8
20Abr99,17.78
21Abr99,18.08
22Abr99,18.43
23Abr99,18.24
26Abr99,17.66
27Abr99,17.81
28Abr99,18.45
29Abr99,18.53
30Abr99,18.66
03May99,18.85
04May99,18.93
05May99,18.98
06May99,18.33
07May99,18.23
10May99,18.51
11May99,18.07
12May99,17.57
13May99,18.03
14May99,18.04
17May99,17.95
18May99,17.12
19May99,16.88
20May99,17.03
21May99,17.23
24May99,16.88
25May99,17.06
26May99,17.35
27May99,17.17
28May99,16.84
31May99,n.d.
01Jun99,16.34
02Jun99,16.66
03Jun99,16.75
04Jun99,17.33
07Jun99,17.87
08Jun99,17.67
09Jun99,17.99
10Jun99,17.86
11Jun99,18.44
14Jun99,18.34
15Jun99,18.55
16Jun99,17.95
17Jun99,18.19
18Jun99,17.99
21Jun99,17.71
22Jun99,17.61
23Jun99,18.23
24Jun99,18.05
25Jun99,18.09
28Jun99,18.23
29Jun99,18.44
30Jun99,19.29
01Jul99,19.39
02Jul99,19.69
05Jul99,n.d.
06Jul99,19.78
07Jul99,19.77
08Jul99,19.71
09Jul99,19.94
12Jul99,19.91
13Jul99,20.15
14Jul99,19.92
15Jul99,20.16
16Jul99,20.62
19Jul99,20.44
20Jul99,19.37
21Jul99,19.38
22Jul99,19.71
23Jul99,20.49
26Jul99,20.52
27Jul99,20.38
28Jul99,20.54
29Jul99,20.97
30Jul99,20.53
02Ago99,20.45
03Ago99,20.3
04Ago99,20.44
05Ago99,20.56
06Ago99,20.88
09Ago99,21.27
10Ago99,21.3
11Ago99,21.52
12Ago99,21.48
13Ago99,21.67
16Ago99,21.36
17Ago99,21.74
18Ago99,21.52
19Ago99,21.77
20Ago99,21.65
23Ago99,21.61
24Ago99,21.2
25Ago99,20.41
26Ago99,20.95
27Ago99,21.27
30Ago99,22.01
31Ago99,22.11
01Set99,21.99
02Set99,21.49
03Set99,22
06Set99,n.d.
07Set99,22.61
08Set99,22.66
09Set99,23.2
10Set99,23.55
13Set99,24.21
14Set99,23.86
15Set99,24.13
16Set99,24.52
17Set99,24.73
20Set99,24.3
21Set99,24.47
22Set99,24.7
23Set99,25.46
24Set99,25.36
27Set99,24.61
28Set99,24.33
29Set99,24.69
30Set99,24.51
01Oct99,24.54
04Oct99,23.76
05Oct99,23.45
06Oct99,23.27
07Oct99,22.45
08Oct99,20.9
11Oct99,21.27
12Oct99,22.3
13Oct99,23.06
14Oct99,22.45
15Oct99,22.82
18Oct99,22.53
19Oct99,22.22
20Oct99,22.2
21Oct99,22.32
22Oct99,23.19
25Oct99,23.18
26Oct99,23.19
27Oct99,22.92
28Oct99,21.68
29Oct99,21.75
01Nov99,22.51
02Nov99,22.39
03Nov99,22.56
04Nov99,23.14
05Nov99,23
08Nov99,23.27
09Nov99,24.03
10Nov99,24.47
11Nov99,24.33
12Nov99,24.91
15Nov99,25.13
16Nov99,25.7
17Nov99,26.6
18Nov99,25.8
19Nov99,26.56
22Nov99,27.92
23Nov99,26.81
24Nov99,27.37
25Nov99,n.d.
26Nov99,n.d.
29Nov99,25.96
30Nov99,24.59
01Dic99,25
02Dic99,25.82
03Dic99,25.81
06Dic99,26.66
07Dic99,26.22
08Dic99,26.54
09Dic99,26.15
10Dic99,25.23
13Dic99,25.38
14Dic99,25.73
15Dic99,26.36
16Dic99,26.83
17Dic99,26.74
20Dic99,26.54
21Dic99,26.16
22Dic99,25.5
23Dic99,25.72
24Dic99,n.d.
27Dic99,26.33
28Dic99,26.82
29Dic99,26.47
30Dic99,25.6
31Dic99,n.d.
03Ene00,n.d.
04Ene00,25.55
05Ene00,24.91
06Ene00,24.78
07Ene00,24.22
10Ene00,24.67
11Ene00,25.77
12Ene00,26.28
13Ene00,26.69
14Ene00,28.02
17Ene00,n.d.
18Ene00,28.85
19Ene00,29.54
20Ene00,29.66
21Ene00,29.8
24Ene00,29.42
25Ene00,29.86
26Ene00,27.84
27Ene00,27.32
28Ene00,27.22
31Ene00,27.64
01Feb00,28.22
02Feb00,27.56
03Feb00,28.03
04Feb00,28.82
07Feb00,28.45
08Feb00,28.02
09Feb00,28.77
10Feb00,29.44
11Feb00,29.44
14Feb00,30.25
15Feb00,30.06
16Feb00,30.05
17Feb00,29.46
18Feb00,29.51
21Feb00,n.d.
22Feb00,29.62
23Feb00,30.29
24Feb00,30.32
25Feb00,30.23
28Feb00,30.13
29Feb00,30.43
01Mar00,31.77
02Mar00,31.69
03Mar00,31.51
06Mar00,32.18
07Mar00,34.13
08Mar00,31.26
09Mar00,31.69
10Mar00,31.76
13Mar00,32.02
14Mar00,31.69
15Mar00,30.72
16Mar00,31.09
17Mar00,30.91
20Mar00,29.44
21Mar00,28
22Mar00,27.49
23Mar00,27.21
24Mar00,27.97
27Mar00,27.79
28Mar00,27.09
29Mar00,26.45
30Mar00,26.7
31Mar00,26.9
03Abr00,26.43
04Abr00,25.47
05Abr00,25.85
06Abr00,25.74
07Abr00,25.09
10Abr00,23.9
11Abr00,24.18
12Abr00,25.48
13Abr00,25.44
14Abr00,25.62
17Abr00,25.94
18Abr00,26.14
19Abr00,27.36
20Abr00,27.28
21Abr00,n.d.
24Abr00,27.44
25Abr00,26.73
26Abr00,24.66
27Abr00,25.42
28Abr00,25.74
01May00,25.89
02May00,26.91
03May00,26.76
04May00,26.98
05May00,27.29
08May00,28.09
09May00,28.67
10May00,28.12
11May00,29.13
12May00,29.64
15May00,29.94
16May00,29.74
17May00,29.33
18May00,30.33
19May00,29.6
22May00,28.61
23May00,28.62
24May00,29.78
25May00,30.31
26May00,30
29May00,n.d.
30May00,30.35
31May00,29.01
01Jun00,30.14
02Jun00,30.36
05Jun00,29.7
06Jun00,29.75
07Jun00,29.95
08Jun00,29.78
09Jun00,30.2
12Jun00,31.74
13Jun00,32.56
14Jun00,32.85
15Jun00,32.95
16Jun00,32.33
19Jun00,31.69
20Jun00,33.05
21Jun00,33.81
22Jun00,34.62
23Jun00,34.65
26Jun00,31.63
27Jun00,32.06
28Jun00,31.9
29Jun00,32.72
30Jun00,32.5
03Jul00,n.d.
04Jul00,n.d.
05Jul00,30.67
06Jul00,29.99
07Jul00,30.28
10Jul00,29.69
11Jul00,29.7
12Jul00,30.32
13Jul00,31.47
14Jul00,31.4
17Jul00,30.83
18Jul00,31.94
19Jul00,31.42
20Jul00,30.93
21Jul00,28.56
24Jul00,27.87
25Jul00,27.85
26Jul00,27.81
27Jul00,28.02
28Jul00,28.18
31Jul00,27.43
01Ago00,27.79
02Ago00,28.27
03Ago00,28.66
04Ago00,29.96
07Ago00,28.91
08Ago00,29.12
09Ago00,30.35
10Ago00,31.34
11Ago00,31.02
14Ago00,31.94
15Ago00,31.67
16Ago00,31.8
17Ago00,31.94
18Ago00,31.99
21Ago00,32.47
22Ago00,31.75
23Ago00,32.4
24Ago00,32.63
25Ago00,34.03
28Ago00,32.87
29Ago00,32.74
30Ago00,33.32
31Ago00,33.12
01Set00,33.38
04Set00,n.d.
05Set00,33.83
06Set00,34.9
07Set00,35.39
08Set00,33.63
11Set00,35.14
12Set00,34.28
13Set00,33.82
14Set00,34.07
15Set00,35.93
18Set00,36.89
19Set00,36.52
20Set00,37.21
21Set00,34.37
22Set00,32.6
25Set00,31.62
26Set00,31.5
27Set00,31.46
28Set00,30.34
29Set00,30.84
02Oct00,32.18
03Oct00,32.07
04Oct00,31.43
05Oct00,30.53
06Oct00,30.86
09Oct00,31.86
10Oct00,33.18
11Oct00,33.25
12Oct00,36.06
13Oct00,34.99
16Oct00,32.92
17Oct00,32.99
18Oct00,33.48
19Oct00,32.91
20Oct00,33.75
23Oct00,34.91
24Oct00,34.12
25Oct00,33.56
26Oct00,33.71
27Oct00,32.74
30Oct00,32.81
31Oct00,32.7
01Nov00,33.25
02Nov00,32.54
03Nov00,32.71
06Nov00,32.86
07Nov00,33.4
08Nov00,33.24
09Nov00,33.92
10Nov00,34.02
13Nov00,34.47
14Nov00,34.87
15Nov00,35.58
16Nov00,35.12
17Nov00,35.45
20Nov00,36.12
21Nov00,35.76
22Nov00,36
23Nov00,n.d.
24Nov00,n.d.
27Nov00,35.38
28Nov00,34.22
29Nov00,34.63
30Nov00,33.82
01Dic00,32.02
04Dic00,31.22
05Dic00,29.53
06Dic00,29.85
07Dic00,29.35
08Dic00,28.44
11Dic00,29.5
12Dic00,29.68
13Dic00,28.74
14Dic00,27.99
15Dic00,28.87
18Dic00,29.76
19Dic00,29.33
20Dic00,25.97
21Dic00,25.98
22Dic00,26.06
25Dic00,n.d.
26Dic00,26.64
27Dic00,26.47
28Dic00,25.85
29Dic00,26.8
01Ene01,n.d.
02Ene01,27.21
03Ene01,28
04Ene01,28.14
05Ene01,27.95
08Ene01,27.32
09Ene01,27.64
10Ene01,29.48
11Ene01,29.41
12Ene01,30.05
15Ene01,n.d.
16Ene01,30.29
17Ene01,29.6
18Ene01,30.45
19Ene01,32.19
22Ene01,32.19
23Ene01,31.32
24Ene01,31.2
25Ene01,31.56
26Ene01,29.77
29Ene01,29.06
30Ene01,29.06
31Ene01,28.66
01Feb01,29.82
02Feb01,31.19
05Feb01,30.55
06Feb01,30.35
07Feb01,31.27
08Feb01,31.59
09Feb01,31.03
12Feb01,30.51
13Feb01,30.36
14Feb01,29.71
15Feb01,28.8
16Feb01,29.16
19Feb01,n.d.
20Feb01,28.58
21Feb01,28.25
22Feb01,28.57
23Feb01,28.82
26Feb01,28.69
27Feb01,28.14
28Feb01,27.4
01Mar01,27.63
02Mar01,27.85
05Mar01,28.61
06Mar01,28.33
07Mar01,29.01
08Mar01,28.41
09Mar01,28.05
12Mar01,28.04
13Mar01,27.65
14Mar01,26.42
15Mar01,26.58
16Mar01,26.76
19Mar01,26.17
20Mar01,25.96
21Mar01,26.43
22Mar01,26.19
23Mar01,26.97
26Mar01,27.48
27Mar01,27.75
28Mar01,26.33
29Mar01,26.33
30Mar01,26.3
02Abr01,25.6
03Abr01,26.2
04Abr01,27.13
05Abr01,27.27
06Abr01,27.07
09Abr01,27.28
10Abr01,28.49
11Abr01,28.18
12Abr01,28.25
13Abr01,n.d.
16Abr01,28.79
17Abr01,28.25
18Abr01,27.95
19Abr01,27.82
20Abr01,27.28
23Abr01,26.83
24Abr01,25.06
25Abr01,25.79
26Abr01,28.44
27Abr01,28.27
30Abr01,28.46
01May01,28.94
02May01,27.8
03May01,28.45
04May01,28.36
07May01,27.77
08May01,27.39
09May01,28.23
10May01,28.52
11May01,28.55
14May01,28.71
15May01,28.98
16May01,28.86
17May01,28.91
18May01,29.91
21May01,29.98
22May01,29.74
23May01,29.03
24May01,27.91
25May01,27.8
28May01,n.d.
29May01,28.66
30May01,28.55
31May01,28.37
01Jun01,27.93
04Jun01,28.13
05Jun01,28.25
06Jun01,27.73
07Jun01,27.75
08Jun01,28.33
11Jun01,29.04
12Jun01,29.19
13Jun01,28.85
14Jun01,29.06
15Jun01,28.51
18Jun01,27.56
19Jun01,27.49
20Jun01,26.51
21Jun01,26.38
22Jun01,26.63
25Jun01,27
26Jun01,26.98
27Jun01,25.62
28Jun01,25.56
29Jun01,26.26
02Jul01,25.95
03Jul01,26.24
04Jul01,n.d.
05Jul01,27.02
06Jul01,28.22
09Jul01,27.59
10Jul01,27.49
11Jul01,27.11
12Jul01,26.8
13Jul01,26.59
16Jul01,26.07
17Jul01,25.57
18Jul01,24.91
19Jul01,24.71
20Jul01,25.59
23Jul01,25.94
24Jul01,26.13
25Jul01,26.64
26Jul01,26.73
27Jul01,27.02
30Jul01,26.63
31Jul01,26.35
01Ago01,26.77
02Ago01,27.71
03Ago01,27.62
06Ago01,27.74
07Ago01,27.94
08Ago01,27.54
09Ago01,27.64
10Ago01,28.05
13Ago01,27.82
14Ago01,28.02
15Ago01,27.56
16Ago01,27.41
17Ago01,26.69
20Ago01,27.18
21Ago01,27.91
22Ago01,27.12
23Ago01,27.73
24Ago01,28.15
27Ago01,26.67
28Ago01,27.17
29Ago01,27.05
30Ago01,26.55
31Ago01,27.2
03Set01,n.d.
04Set01,26.93
05Set01,26.95
06Set01,27.58
07Set01,28.03
10Set01,27.63
11Set01,n.d.
12Set01,28.24
13Set01,28.75
14Set01,29.89
17Set01,28.81
18Set01,27.7
19Set01,26.72
20Set01,26.59
21Set01,25.37
24Set01,21.5
25Set01,21.56
26Set01,22.38
27Set01,22.74
28Set01,23.43
01Oct01,23.28
02Oct01,22.79
03Oct01,22.08
04Oct01,22.63
05Oct01,22.39
08Oct01,22.45
09Oct01,22.48
10Oct01,22.53
11Oct01,23.34
12Oct01,22.5
15Oct01,22.29
16Oct01,22
17Oct01,21.81
18Oct01,21.31
19Oct01,21.83
22Oct01,21.76
23Oct01,21.52
24Oct01,22.05
25Oct01,21.77
26Oct01,22.03
29Oct01,22.15
30Oct01,21.87
31Oct01,21.18
01Nov01,20.39
02Nov01,20.19
05Nov01,20.02
06Nov01,19.92
07Nov01,20.09
08Nov01,21.17
09Nov01,22.22
12Nov01,21.23
13Nov01,21.67
14Nov01,19.74
15Nov01,18.45
16Nov01,18.03
19Nov01,17.72
20Nov01,18.55
21Nov01,17.96
22Nov01,n.d.
23Nov01,n.d.
26Nov01,18.69
27Nov01,19.48
28Nov01,19.22
29Nov01,18.62
30Nov01,19.44
03Dic01,20.09
04Dic01,19.65
05Dic01,19.49
06Dic01,18.54
07Dic01,19.04
10Dic01,18.37
11Dic01,18.08
12Dic01,18.36
13Dic01,18.12
14Dic01,19.23
17Dic01,19.22
18Dic01,19.36
19Dic01,19.2
20Dic01,18.5
21Dic01,19.27
24Dic01,n.d.
25Dic01,n.d.
26Dic01,21.27
27Dic01,20.9
28Dic01,20.41
31Dic01,19.84
01Ene02,n.d.
02Ene02,21.01
03Ene02,20.37
04Ene02,21.62
07Ene02,21.48
08Ene02,21.25
09Ene02,20.18
10Ene02,20.38
11Ene02,19.68
14Ene02,18.89
15Ene02,18.9
16Ene02,18.86
17Ene02,17.97
18Ene02,18
21Ene02,n.d.
22Ene02,18.34
23Ene02,19.2
24Ene02,19.4
25Ene02,19.72
28Ene02,20.05
29Ene02,19.58
30Ene02,19.08
31Ene02,19.48
01Feb02,20.38
04Feb02,20.07
05Feb02,20.07
06Feb02,19.78
07Feb02,19.64
08Feb02,20.26
11Feb02,21.41
12Feb02,20.73
13Feb02,21.18
14Feb02,21.23
15Feb02,21.5
18Feb02,n.d.
19Feb02,20.88
20Feb02,20.29
21Feb02,20.76
22Feb02,20.87
25Feb02,20.25
26Feb02,21.41
27Feb02,21.29
28Feb02,21.74
01Mar02,22.4
04Mar02,22.45
05Mar02,23.17
06Mar02,23.15
07Mar02,23.71
08Mar02,23.84
11Mar02,24.31
12Mar02,24.2
13Mar02,24.16
14Mar02,24.56
15Mar02,24.51
18Mar02,25.11
19Mar02,24.88
20Mar02,24.9
21Mar02,25.44
22Mar02,24.9
25Mar02,24.31
26Mar02,25.36
27Mar02,25.87
28Mar02,26.31
29Mar02,n.d.
01Abr02,26.88
02Abr02,27.71
03Abr02,27.56
04Abr02,26.58
05Abr02,26.21
08Abr02,26.54
09Abr02,25.82
10Abr02,26.13
11Abr02,24.99
12Abr02,23.47
15Abr02,24.57
16Abr02,24.75
17Abr02,25.94
18Abr02,26.18
19Abr02,26.38
22Abr02,26.27
23Abr02,26.57
24Abr02,26.25
25Abr02,26.58
26Abr02,27.11
29Abr02,27.14
30Abr02,27.16
01May02,26.75
02May02,26.24
03May02,26.62
06May02,26.12
07May02,26.63
08May02,27.85
09May02,27.68
10May02,27.99
13May02,28.4
14May02,29.42
15May02,28.18
16May02,27.98
17May02,28.22
20May02,28.37
21May02,27.33
22May02,26.82
23May02,26.59
24May02,26.78
27May02,n.d.
28May02,25.27
29May02,25.76
30May02,24.67
31May02,25.31
03Jun02,25.08
04Jun02,25.33
05Jun02,24.89
06Jun02,24.79
07Jun02,24.75
10Jun02,24.29
11Jun02,24.12
12Jun02,24.64
13Jun02,25.65
14Jun02,25.94
17Jun02,26.09
18Jun02,25.43
19Jun02,25.31
20Jun02,25.6
21Jun02,25.52
24Jun02,26.19
25Jun02,26.07
26Jun02,26.76
27Jun02,26.86
28Jun02,26.86
01Jul02,26.81
02Jul02,26.77
03Jul02,26.8
04Jul02,n.d.
05Jul02,n.d.
08Jul02,26.07
09Jul02,26.09
10Jul02,26.77
11Jul02,26.83
12Jul02,27.48
15Jul02,27.07
16Jul02,27.75
17Jul02,27.88
18Jul02,27.57
19Jul02,27.83
22Jul02,26.6
23Jul02,26.2
24Jul02,26.69
25Jul02,26.72
26Jul02,26.54
29Jul02,26.55
30Jul02,27.36
31Jul02,27.02
01Ago02,26.47
02Ago02,26.84
05Ago02,26.58
06Ago02,27.17
07Ago02,26.5
08Ago02,26.67
09Ago02,26.86
12Ago02,27.86
13Ago02,27.9
14Ago02,28.15
15Ago02,29.06
16Ago02,29.33
19Ago02,29.84
20Ago02,30.11
21Ago02,30.39
22Ago02,30.14
23Ago02,29.93
26Ago02,29.28
27Ago02,28.83
28Ago02,28.34
29Ago02,28.92
30Ago02,28.98
02Set02,n.d.
03Set02,27.79
04Set02,28.27
05Set02,28.98
06Set02,29.61
09Set02,29.73
10Set02,29.73
11Set02,29.77
12Set02,28.85
13Set02,29.81
16Set02,29.67
17Set02,29.08
18Set02,29.48
19Set02,29.5
20Set02,29.61
23Set02,30.71
24Set02,30.77
25Set02,30.64
26Set02,30.41
27Set02,30.54
30Set02,30.45
01Oct02,30.83
02Oct02,30.49
03Oct02,29.76
04Oct02,29.62
07Oct02,29.64
08Oct02,29.48
09Oct02,29.35
10Oct02,28.97
11Oct02,29.37
14Oct02,30.03
15Oct02,29.72
16Oct02,29.47
17Oct02,29.62
18Oct02,29.6
21Oct02,28.37
22Oct02,27.92
23Oct02,28.05
24Oct02,28.05
25Oct02,27.05
28Oct02,27.29
29Oct02,26.86
30Oct02,26.81
31Oct02,27.22
01Nov02,27.13
04Nov02,26.95
05Nov02,26.14
06Nov02,25.77
07Nov02,25.38
08Nov02,25.78
11Nov02,25.94
12Nov02,25.9
13Nov02,25.19
14Nov02,25.29
15Nov02,25.51
18Nov02,26.71
19Nov02,26.42
20Nov02,26.98
21Nov02,27.3
22Nov02,27.67
25Nov02,26.03
26Nov02,26.4
27Nov02,26.89
28Nov02,n.d.
29Nov02,n.d.
02Dic02,27.24
03Dic02,27.3
04Dic02,26.71
05Dic02,27.29
06Dic02,26.93
09Dic02,27.2
10Dic02,27.74
11Dic02,27.4
12Dic02,28.01
13Dic02,28.44
16Dic02,30.1
17Dic02,30.1
18Dic02,30.44
19Dic02,30.56
20Dic02,30.6
23Dic02,32.1
24Dic02,32.21
25Dic02,n.d.
26Dic02,32.49
27Dic02,32.72
30Dic02,31.37
31Dic02,31.2
01Ene03,n.d.
02Ene03,31.85
03Ene03,33.08
06Ene03,32.1
07Ene03,31.08
08Ene03,30.56
09Ene03,31.99
10Ene03,31.68
13Ene03,32.26
14Ene03,32.37
15Ene03,33.21
16Ene03,33.66
17Ene03,33.91
20Ene03,n.d.
21Ene03,34.61
22Ene03,34.5
23Ene03,34.05
24Ene03,35.08
27Ene03,32.29
28Ene03,32.67
29Ene03,33.63
30Ene03,33.85
31Ene03,33.51
03Feb03,32.76
04Feb03,33.58
05Feb03,33.93
06Feb03,34.16
07Feb03,35.12
10Feb03,34.48
11Feb03,35.44
12Feb03,35.77
13Feb03,36.36
14Feb03,36.8
17Feb03,n.d.
18Feb03,36.96
19Feb03,37.16
20Feb03,36.79
21Feb03,36.78
24Feb03,36.7
25Feb03,35.96
26Feb03,37.7
27Feb03,37.2
28Feb03,36.6
03Mar03,35.88
04Mar03,36.89
05Mar03,36.69
06Mar03,37
07Mar03,37.78
10Mar03,37.27
11Mar03,36.72
12Mar03,37.83
13Mar03,36.01
14Mar03,35.38
17Mar03,34.93
18Mar03,31.67
19Mar03,29.88
20Mar03,28.61
21Mar03,27.36
24Mar03,29.56
25Mar03,29.97
26Mar03,28.63
27Mar03,30.37
28Mar03,30.16
31Mar03,31.04
01Abr03,29.78
02Abr03,28.56
03Abr03,28.97
04Abr03,28.62
07Abr03,27.96
08Abr03,28
09Abr03,28.85
10Abr03,27.46
11Abr03,28.14
14Abr03,28.63
15Abr03,29.29
16Abr03,29.2
17Abr03,30.57
18Abr03,n.d.
21Abr03,30.88
22Abr03,29.91
23Abr03,28
24Abr03,26.94
25Abr03,26.36
28Abr03,25.49
29Abr03,25.24
30Abr03,25.8
01May03,26.03
02May03,25.67
05May03,26.49
06May03,25.72
07May03,26.23
08May03,26.98
09May03,27.72
12May03,27.35
13May03,28.5
14May03,29.17
15May03,28.74
16May03,29.14
19May03,28.83
20May03,29.28
21May03,29.53
22May03,29.15
23May03,29.66
26May03,n.d.
27May03,29.35
28May03,28.58
29May03,29.1
30May03,29.56
02Jun03,30.71
03Jun03,30.67
04Jun03,30.05
05Jun03,30.74
06Jun03,31.28
09Jun03,31.45
10Jun03,31.73
11Jun03,32.36
12Jun03,31.51
13Jun03,30.65
16Jun03,31.18
17Jun03,31.07
18Jun03,30.36
19Jun03,29.96
20Jun03,30.82
23Jun03,30.32
24Jun03,30.23
25Jun03,31.35
26Jun03,29.01
27Jun03,29.27
30Jun03,30.19
01Jul03,30.4
02Jul03,30.15
03Jul03,30.42
04Jul03,n.d.
07Jul03,30.13
08Jul03,30.22
09Jul03,30.88
10Jul03,31.06
11Jul03,31.28
14Jul03,31.27
15Jul03,31.62
16Jul03,31.05
17Jul03,31.41
18Jul03,31.96
21Jul03,31.78
22Jul03,30.19
23Jul03,30.09
24Jul03,30.57
25Jul03,30.42
28Jul03,30.11
29Jul03,30.24
30Jul03,30.68
31Jul03,30.54
01Ago03,32.31
04Ago03,31.84
05Ago03,32.22
06Ago03,31.7
07Ago03,32.39
08Ago03,32.18
11Ago03,32.01
12Ago03,31.92
13Ago03,30.78
14Ago03,31.09
15Ago03,31.05
18Ago03,30.89
19Ago03,30.7
20Ago03,30.95
21Ago03,31.76
22Ago03,31.76
25Ago03,31.48
26Ago03,31.95
27Ago03,31.21
28Ago03,31.5
29Ago03,31.57
01Set03,n.d.
02Set03,29.41
03Set03,29.49
04Set03,28.98
05Set03,28.88
08Set03,28.85
09Set03,29.18
10Set03,29.35
11Set03,28.82
12Set03,28.27
15Set03,28.14
16Set03,27.56
17Set03,27.03
18Set03,27.17
19Set03,27.03
22Set03,26.96
23Set03,26.93
24Set03,28.05
25Set03,28.1
26Set03,28.16
29Set03,28.4
30Set03,29.2
01Oct03,29.39
02Oct03,29.84
03Oct03,30.4
06Oct03,30.47
07Oct03,30.41
08Oct03,29.81
09Oct03,31.01
10Oct03,31.97
13Oct03,31.95
14Oct03,31.82
15Oct03,31.77
16Oct03,31.54
17Oct03,30.68
20Oct03,30.35
21Oct03,30.18
22Oct03,29.74
23Oct03,30.12
24Oct03,29.98
27Oct03,29.92
28Oct03,29.56
29Oct03,28.91
30Oct03,28.47
31Oct03,28.75
03Nov03,28.9
04Nov03,28.75
05Nov03,30.3
06Nov03,30.26
07Nov03,30.85
10Nov03,30.88
11Nov03,31.15
12Nov03,31.33
13Nov03,31.9
14Nov03,32.37
17Nov03,31.73
18Nov03,33.28
19Nov03,32.92
20Nov03,32.86
21Nov03,32.11
24Nov03,29.89
25Nov03,29.77
26Nov03,30.41
27Nov03,n.d.
28Nov03,n.d.
01Dic03,29.95
02Dic03,30.78
03Dic03,31.1
04Dic03,31.26
05Dic03,30.73
08Dic03,32.1
09Dic03,31.76
10Dic03,31.88
11Dic03,31.85
12Dic03,33.04
15Dic03,33.18
16Dic03,32.89
17Dic03,33.35
18Dic03,33.71
19Dic03,33.02
22Dic03,31.72
23Dic03,31.8
24Dic03,32.85
25Dic03,n.d.
26Dic03,n.d.
29Dic03,32.4
30Dic03,32.79
31Dic03,32.52
01Ene04,n.d.
02Ene04,n.d.
05Ene04,33.78
06Ene04,33.7
07Ene04,33.62
08Ene04,33.98
09Ene04,34.31
12Ene04,34.72
13Ene04,34.43
14Ene04,34.5
15Ene04,33.44
16Ene04,35.07
19Ene04,n.d.
20Ene04,36.2
21Ene04,34.88
22Ene04,34.88
23Ene04,35.04
26Ene04,34.47
27Ene04,34.12
28Ene04,33.62
29Ene04,32.81
30Ene04,33.05
02Feb04,34.98
03Feb04,34.1
04Feb04,33.1
05Feb04,33.08
06Feb04,32.48
09Feb04,32.83
10Feb04,33.87
11Feb04,34
12Feb04,33.98
13Feb04,34.56
16Feb04,n.d.
17Feb04,35.19
18Feb04,35.45
19Feb04,36
20Feb04,35.6
23Feb04,35.57
24Feb04,36.03
25Feb04,37.38
26Feb04,35.51
27Feb04,36.16
01Mar04,36.86
02Mar04,36.66
03Mar04,35.8
04Mar04,36.64
05Mar04,37.26
08Mar04,36.57
09Mar04,36.28
10Mar04,36.1
11Mar04,36.78
12Mar04,36.19
15Mar04,37.44
16Mar04,37.48
17Mar04,38.18
18Mar04,37.93
19Mar04,38.08
22Mar04,37.11
23Mar04,37.65
24Mar04,37.16
25Mar04,35.46
26Mar04,35.73
29Mar04,35.45
30Mar04,36.25
31Mar04,35.76
01Abr04,34.27
02Abr04,34.39
05Abr04,34.38
06Abr04,34.97
07Abr04,36.15
08Abr04,37.14
09Abr04,n.d.
12Abr04,37.84
13Abr04,37.21
14Abr04,36.72
15Abr04,37.57
16Abr04,37.74
19Abr04,37.42
20Abr04,37.6
21Abr04,36.58
22Abr04,37.46
23Abr04,37.06
26Abr04,36.97
27Abr04,37.53
28Abr04,37.46
29Abr04,37.31
30Abr04,37.38
03May04,38.21
04May04,38.98
05May04,39.57
06May04,39.37
07May04,39.93
10May04,38.93
11May04,40.06
12May04,40.77
13May04,41.08
14May04,41.38
17May04,41.55
18May04,40.54
19May04,41.5
20May04,40.92
21May04,39.93
24May04,41.77
25May04,41.14
26May04,40.7
27May04,39.44
28May04,39.88
31May04,n.d.
01Jun04,42.33
02Jun04,39.96
03Jun04,39.28
04Jun04,38.49
07Jun04,38.66
08Jun04,37.28
09Jun04,37.54
10Jun04,38.45
11Jun04,n.d.
14Jun04,37.59
15Jun04,37.19
16Jun04,37.32
17Jun04,38.46
18Jun04,38.75
21Jun04,37.63
22Jun04,38.11
23Jun04,37.44
24Jun04,37.8
25Jun04,37.42
28Jun04,36.24
29Jun04,35.66
30Jun04,37.05
01Jul04,38.74
02Jul04,38.39
05Jul04,n.d.
06Jul04,39.65
07Jul04,39.08
08Jul04,40.33
09Jul04,39.96
12Jul04,39.5
13Jul04,39.44
14Jul04,40.97
15Jul04,40.77
16Jul04,41.25
19Jul04,41.64
20Jul04,40.75
21Jul04,40.73
22Jul04,41.46
23Jul04,41.76
26Jul04,41.44
27Jul04,41.84
28Jul04,42.9
29Jul04,42.75
30Jul04,43.8
02Ago04,43.82
03Ago04,44.15
04Ago04,42.83
05Ago04,44.41
06Ago04,43.95
09Ago04,44.84
10Ago04,44.52
11Ago04,44.8
12Ago04,45.5
13Ago04,46.58
16Ago04,46.05
17Ago04,46.75
18Ago04,47.27
19Ago04,48.7
20Ago04,47.86
23Ago04,46.55
24Ago04,45.59
25Ago04,43.47
26Ago04,43.1
27Ago04,43.18
30Ago04,42.28
31Ago04,42.12
01Set04,44
02Set04,44.06
03Set04,43.99
06Set04,n.d.
07Set04,43.31
08Set04,42.77
09Set04,44.61
10Set04,42.81
13Set04,43.87
14Set04,44.39
15Set04,43.58
16Set04,43.88
17Set04,45.59
20Set04,46.35
21Set04,47.1
22Set04,48.35
23Set04,48.36
24Set04,48.83
27Set04,49.64
28Set04,49.9
29Set04,49.51
30Set04,49.64
01Oct04,50.12
04Oct04,49.91
05Oct04,51.09
06Oct04,52.02
07Oct04,52.67
08Oct04,53.31
11Oct04,53.64
12Oct04,52.51
13Oct04,53.64
14Oct04,54.76
15Oct04,54.93
18Oct04,53.67
19Oct04,53.29
20Oct04,54.92
21Oct04,55.27
22Oct04,56.17
25Oct04,55.94
26Oct04,55.17
27Oct04,52.46
28Oct04,50.92
29Oct04,51.76
01Nov04,50.13
02Nov04,49.62
03Nov04,50.88
04Nov04,48.82
05Nov04,49.61
08Nov04,49.09
09Nov04,47.37
10Nov04,48.86
11Nov04,47.42
12Nov04,47.32
15Nov04,46.87
16Nov04,46.11
17Nov04,46.84
18Nov04,46.22
19Nov04,48.44
22Nov04,48.44
23Nov04,48.74
24Nov04,49.26
25Nov04,n.d.
26Nov04,n.d.
29Nov04,49.76
30Nov04,49.13
01Dic04,45.49
02Dic04,43.25
03Dic04,42.54
06Dic04,42.98
07Dic04,41.46
08Dic04,41.94
09Dic04,42.53
10Dic04,40.71
13Dic04,41.01
14Dic04,41.82
15Dic04,44.19
16Dic04,44.18
17Dic04,46.28
20Dic04,45.64
21Dic04,45.54
22Dic04,44.04
23Dic04,44.03
24Dic04,n.d.
27Dic04,41.32
28Dic04,41.77
29Dic04,43.64
30Dic04,43.45
31Dic04,n.d.
03Ene05,42.12
04Ene05,43.91
05Ene05,43.39
06Ene05,45.56
07Ene05,45.43
10Ene05,45.33
11Ene05,45.68
12Ene05,46.37
13Ene05,48.04
14Ene05,48.38
17Ene05,n.d.
18Ene05,48.38
19Ene05,47.55
20Ene05,46.91
21Ene05,48.33
24Ene05,48.61
25Ene05,49.41
26Ene05,48.78
27Ene05,48.84
28Ene05,47.18
31Ene05,46.85
01Feb05,47.12
02Feb05,46.69
03Feb05,46.45
04Feb05,46.48
07Feb05,45.28
08Feb05,45.4
09Feb05,45.46
10Feb05,47.1
11Feb05,47.16
14Feb05,47.44
15Feb05,47.26
16Feb05,48.33
17Feb05,47.54
18Feb05,48.35
21Feb05,n.d.
22Feb05,51.15
23Feb05,50.67
24Feb05,50.74
25Feb05,50.92
28Feb05,51.75
01Mar05,51.68
02Mar05,53.05
03Mar05,53.57
04Mar05,53.78
07Mar05,53.89
08Mar05,54.59
09Mar05,54.77
10Mar05,53.54
11Mar05,54.43
14Mar05,54.95
15Mar05,55.05
16Mar05,56.46
17Mar05,56.4
18Mar05,56.72
21Mar05,56.62
22Mar05,54.28
23Mar05,48.96
24Mar05,51.29
25Mar05,n.d.
28Mar05,54.05
29Mar05,54.23
30Mar05,53.99
31Mar05,55.4
01Abr05,57.27
04Abr05,57.01
05Abr05,56.04
06Abr05,55.85
07Abr05,54.11
08Abr05,53.32
11Abr05,53.71
12Abr05,51.86
13Abr05,50.22
14Abr05,51.13
15Abr05,50.49
18Abr05,50.37
19Abr05,52.29
20Abr05,52.44
21Abr05,52.35
22Abr05,54.39
25Abr05,52.07
26Abr05,54.2
27Abr05,51.61
28Abr05,51.77
29Abr05,49.72
02May05,50.92
03May05,49.5
04May05,50.13
05May05,50.83
06May05,50.96
09May05,52.03
10May05,52.07
11May05,50.45
12May05,48.54
13May05,48.67
16May05,48.61
17May05,48.97
18May05,47.25
19May05,47.6
20May05,46.8
23May05,48.66
24May05,49.17
25May05,50.78
26May05,51.01
27May05,51.85
30May05,n.d.
31May05,51.97
01Jun05,54.6
02Jun05,53.63
03Jun05,55.03
06Jun05,54.49
07Jun05,53.76
08Jun05,52.54
09Jun05,54.28
10Jun05,53.54
13Jun05,55.62
14Jun05,55
15Jun05,55.57
16Jun05,56.58
17Jun05,58.47
20Jun05,59.37
21Jun05,58.9
22Jun05,57.84
23Jun05,59.2
24Jun05,59.64
27Jun05,60.54
28Jun05,58.2
29Jun05,57.26
30Jun05,56.5
01Jul05,58.75
04Jul05,n.d.
05Jul05,59.59
06Jul05,61.28
07Jul05,60.73
08Jul05,60.7
11Jul05,58.92
12Jul05,60.62
13Jul05,n.d.
14Jul05,n.d.
15Jul05,58.09
18Jul05,57.32
19Jul05,57.46
20Jul05,56.72
21Jul05,54.93
22Jul05,56.65
25Jul05,56
26Jul05,59.2
27Jul05,59.11
28Jul05,59.94
29Jul05,60.57
01Ago05,61.6
02Ago05,61.89
03Ago05,60.86
04Ago05,61.38
05Ago05,62.31
08Ago05,63.94
09Ago05,63.07
10Ago05,64.9
11Ago05,65.8
12Ago05,66.86
15Ago05,66.27
16Ago05,66.08
17Ago05,63.25
18Ago05,63.27
19Ago05,65.35
22Ago05,65.45
23Ago05,65.31
24Ago05,67.05
25Ago05,67.29
26Ago05,66.13
29Ago05,67.2
30Ago05,69.81
31Ago05,68.94
01Set05,69.47
02Set05,67.57
05Set05,n.d.
06Set05,65.96
07Set05,64.37
08Set05,64.49
09Set05,64.08
12Set05,63.34
13Set05,63.11
14Set05,65.09
15Set05,64.75
16Set05,63
19Set05,67.39
20Set05,66.23
21Set05,66.63
22Set05,66.46
23Set05,64.09
26Set05,65.82
27Set05,65.07
28Set05,66.35
29Set05,66.79
30Set05,66.24
03Oct05,65.47
04Oct05,63.9
05Oct05,62.79
06Oct05,61.36
07Oct05,61.84
10Oct05,61.8
11Oct05,63.53
12Oct05,64.12
13Oct05,63.08
14Oct05,62.63
17Oct05,64.36
18Oct05,63.83
19Oct05,63
20Oct05,61.03
21Oct05,61.23
24Oct05,61.12
25Oct05,63.04
26Oct05,60.66
27Oct05,61.09
28Oct05,61.22
31Oct05,59.76
01Nov05,59.85
02Nov05,59.75
03Nov05,61.78
04Nov05,60.58
07Nov05,59.47
08Nov05,59.71
09Nov05,58.93
10Nov05,57.8
11Nov05,57.53
14Nov05,57.69
15Nov05,56.98
16Nov05,57.88
17Nov05,56.34
18Nov05,56.14
21Nov05,57.25
22Nov05,58.34
23Nov05,58.46
24Nov05,n.d.
25Nov05,n.d.
28Nov05,57.36
29Nov05,56.5
30Nov05,57.32
01Dic05,58.47
02Dic05,59.32
05Dic05,59.91
06Dic05,59.94
07Dic05,59.21
08Dic05,60.66
09Dic05,59.39
12Dic05,61.3
13Dic05,61.37
14Dic05,60.85
15Dic05,59.99
16Dic05,58.06
19Dic05,57.34
20Dic05,57.98
21Dic05,58.31
22Dic05,58.03
23Dic05,58.23
26Dic05,n.d.
27Dic05,58.16
28Dic05,59.82
29Dic05,60.32
30Dic05,61.04
02Ene06,n.d.
03Ene06,63.14
04Ene06,63.42
05Ene06,62.79
06Ene06,64.21
09Ene06,63.5
10Ene06,63.37
11Ene06,63.94
12Ene06,63.94
13Ene06,63.92
16Ene06,n.d.
17Ene06,66.31
18Ene06,65.73
19Ene06,66.83
20Ene06,68.35
23Ene06,67.84
24Ene06,66.74
25Ene06,65.35
26Ene06,66.26
27Ene06,67.76
30Ene06,68.35
31Ene06,67.92
01Feb06,66.56
02Feb06,64.68
03Feb06,65.37
06Feb06,65.11
07Feb06,63.09
08Feb06,62.55
09Feb06,62.62
10Feb06,61.84
13Feb06,61.24
14Feb06,59.57
15Feb06,57.65
16Feb06,58.46
17Feb06,59.88
20Feb06,n.d.
21Feb06,61.1
22Feb06,58.01
23Feb06,58.29
24Feb06,62.26
27Feb06,61
28Feb06,60.35
01Mar06,61.97
02Mar06,63.36
03Mar06,63.67
06Mar06,62.41
07Mar06,61.58
08Mar06,60.02
09Mar06,60.47
10Mar06,60.05
13Mar06,61.77
14Mar06,63.1
15Mar06,62.17
16Mar06,63.58
17Mar06,62.77
20Mar06,60.42
21Mar06,60.57
22Mar06,60.82
23Mar06,63.41
24Mar06,63.95
27Mar06,64.16
28Mar06,66.07
29Mar06,66.45
30Mar06,67.15
31Mar06,66.63
03Abr06,66.74
04Abr06,66.23
05Abr06,66.07
06Abr06,67.94
07Abr06,66.7
10Abr06,68.74
11Abr06,68.98
12Abr06,68.62
13Abr06,69.32
14Abr06,n.d.
17Abr06,70.4
18Abr06,71.35
19Abr06,72.17
20Abr06,71.95
21Abr06,73.67
24Abr06,69.08
25Abr06,66.88
26Abr06,71.93
27Abr06,70.97
28Abr06,71.88
01May06,73.7
02May06,74.61
03May06,72.28
04May06,69.94
05May06,70.19
08May06,69.77
09May06,70.69
10May06,72.13
11May06,73.32
12May06,72.04
15May06,69.41
16May06,69.53
17May06,68.9
18May06,69.45
19May06,68.53
22May06,69.23
23May06,71.13
24May06,69.71
25May06,71.07
26May06,71.37
29May06,71.37
30May06,72.03
31May06,71.29
01Jun06,70.34
02Jun06,72.33
05Jun06,72.6
06Jun06,72.5
07Jun06,70.82
08Jun06,70.35
09Jun06,71.63
12Jun06,70.36
13Jun06,68.56
14Jun06,69.14
15Jun06,69.5
16Jun06,69.88
19Jun06,68.98
20Jun06,68.94
21Jun06,70.03
22Jun06,70.49
23Jun06,70.69
26Jun06,71.8
27Jun06,71.92
28Jun06,72.19
29Jun06,73.52
30Jun06,73.93
03Jul06,73.93
04Jul06,73.93
05Jul06,75.19
06Jul06,75.14
07Jul06,74.09
10Jul06,73.61
11Jul06,74.16
12Jul06,74.95
13Jul06,76.7
14Jul06,77.03
17Jul06,75.3
18Jul06,73.54
19Jul06,72.66
20Jul06,73.08
21Jul06,74.06
24Jul06,74.65
25Jul06,73.4
26Jul06,73.94
27Jul06,74.54
28Jul06,73.24
31Jul06,74.4
01Ago06,74.91
02Ago06,75.81
03Ago06,75.46
04Ago06,74.76
07Ago06,76.98
08Ago06,76.31
09Ago06,76.35
10Ago06,74
11Ago06,74.35
14Ago06,73.53
15Ago06,73.05
16Ago06,71.89
17Ago06,70.06
18Ago06,71.14
21Ago06,72.45
22Ago06,72.63
23Ago06,71.41
24Ago06,71.99
25Ago06,72.13
28Ago06,70.61
29Ago06,69.85
30Ago06,70.03
31Ago06,70.26
01Set06,69.19
04Set06,n.d.
05Set06,68.6
06Set06,67.5
07Set06,67.32
08Set06,66.25
11Set06,65.61
12Set06,63.76
13Set06,63.97
14Set06,63.22
15Set06,63.33
18Set06,63.8
19Set06,61.66
20Set06,60.46
21Set06,61.04
22Set06,60.08
25Set06,60.95
26Set06,61.01
27Set06,62.96
28Set06,62.76
29Set06,62.91
02Oct06,61.03
03Oct06,58.68
04Oct06,59.1
05Oct06,60.03
06Oct06,59.76
09Oct06,59.96
10Oct06,58.52
11Oct06,57.59
12Oct06,57.86
13Oct06,58.57
16Oct06,59.94
17Oct06,58.93
18Oct06,57.65
19Oct06,58.5
20Oct06,56.82
23Oct06,57.06
24Oct06,57.1
25Oct06,59.1
26Oct06,60.36
27Oct06,60.75
30Oct06,58.36
31Oct06,58.73
01Nov06,58.71
02Nov06,57.88
03Nov06,59.14
06Nov06,60.02
07Nov06,59.3
08Nov06,59.83
09Nov06,61.16
10Nov06,59.59
13Nov06,58.58
14Nov06,58.28
15Nov06,58.76
16Nov06,56.26
17Nov06,55.81
20Nov06,56.3
21Nov06,58.02
22Nov06,58.44
23Nov06,n.d.
24Nov06,n.d.
27Nov06,60.32
28Nov06,60.99
29Nov06,62.46
30Nov06,63.13
01Dic06,63.43
04Dic06,62.44
05Dic06,62.43
06Dic06,62.19
07Dic06,62.49
08Dic06,62.03
11Dic06,61.22
12Dic06,61.02
13Dic06,61.37
14Dic06,62.51
15Dic06,63.43
18Dic06,62.21
19Dic06,63.15
20Dic06,63.12
21Dic06,62.06
22Dic06,61.86
25Dic06,n.d.
26Dic06,61.1
27Dic06,60.34
28Dic06,60.53
29Dic06,61.05
01Ene07,n.d.
02Ene07,n.d.
03Ene07,58.32
04Ene07,55.59
05Ene07,56.31
08Ene07,56.09
09Ene07,55.64
10Ene07,54.02
11Ene07,51.88
12Ene07,52.99
15Ene07,n.d.
16Ene07,51.21
17Ene07,52.24
18Ene07,50.48
19Ene07,51.99
22Ene07,51.13
23Ene07,54.02
24Ene07,54.72
25Ene07,53.63
26Ene07,55.42
29Ene07,54.01
30Ene07,56.97
31Ene07,58.14
01Feb07,57.3
02Feb07,59.02
05Feb07,58.74
06Feb07,58.88
07Feb07,57.71
08Feb07,59.71
09Feb07,59.89
12Feb07,57.81
13Feb07,59.06
14Feb07,58
15Feb07,57.99
16Feb07,59.39
19Feb07,n.d.
20Feb07,58.07
21Feb07,59.47
22Feb07,59.55
23Feb07,60.52
26Feb07,61.39
27Feb07,61.46
28Feb07,61.79
01Mar07,62
02Mar07,61.64
05Mar07,60.07
06Mar07,60.69
07Mar07,61.82
08Mar07,61.64
09Mar07,60.05
12Mar07,58.91
13Mar07,57.93
14Mar07,58.16
15Mar07,57.55
16Mar07,57.11
19Mar07,56.59
20Mar07,56.73
21Mar07,58.31
22Mar07,60.69
23Mar07,61.53
26Mar07,62.91
27Mar07,62.93
28Mar07,64.08
29Mar07,66.03
30Mar07,65.87
02Abr07,65.94
03Abr07,64.64
04Abr07,64.38
05Abr07,64.28
06Abr07,n.d.
09Abr07,61.51
10Abr07,61.89
11Abr07,62.01
12Abr07,63.85
13Abr07,63.63
16Abr07,63.61
17Abr07,63.1
18Abr07,63.13
19Abr07,61.83
20Abr07,63.38
23Abr07,65.34
24Abr07,64.1
25Abr07,64.88
26Abr07,65.06
27Abr07,66.46
30Abr07,65.71
01May07,64.4
02May07,63.68
03May07,63.19
04May07,61.93
07May07,61.47
08May07,62.26
09May07,61.55
10May07,61.81
11May07,62.37
14May07,62.46
15May07,63.17
16May07,62.55
17May07,64.86
18May07,64.94
21May07,66.27
22May07,64.97
23May07,65.06
24May07,63.58
25May07,64.75
28May07,n.d.
29May07,63.15
30May07,63.49
31May07,64.01
01Jun07,65.08
04Jun07,66.21
05Jun07,65.61
06Jun07,65.96
07Jun07,66.93
08Jun07,64.76
11Jun07,65.97
12Jun07,65.35
13Jun07,66.26
14Jun07,67.65
15Jun07,68
18Jun07,69.09
19Jun07,69.1
20Jun07,68.19
21Jun07,68.36
22Jun07,68.89
25Jun07,68.93
26Jun07,67.77
27Jun07,68.97
28Jun07,69.57
29Jun07,70.68
02Jul07,71.09
03Jul07,71.41
04Jul07,71.41
05Jul07,71.81
06Jul07,72.81
09Jul07,72.19
10Jul07,72.81
11Jul07,72.56
12Jul07,72.5
13Jul07,73.93
16Jul07,74.15
17Jul07,74.02
18Jul07,75.05
19Jul07,75.92
20Jul07,75.57
23Jul07,74.66
24Jul07,73.51
25Jul07,75.98
26Jul07,74.95
27Jul07,77.2
30Jul07,76.83
31Jul07,78.21
01Ago07,76.53
02Ago07,76.86
03Ago07,75.48
06Ago07,72.06
07Ago07,72.42
08Ago07,72.15
09Ago07,71.59
10Ago07,71.47
13Ago07,71.62
14Ago07,72.38
15Ago07,73.33
16Ago07,71
17Ago07,71.98
20Ago07,71.12
21Ago07,69.47
22Ago07,69.31
23Ago07,69.98
24Ago07,71.34
27Ago07,71.97
28Ago07,71.73
29Ago07,73.51
30Ago07,73.36
31Ago07,74.04
03Set07,n.d.
04Set07,75.05
05Set07,75.73
06Set07,76.3
07Set07,76.7
10Set07,77.49
11Set07,78.23
12Set07,79.91
13Set07,80.09
14Set07,79.1
17Set07,80.57
18Set07,81.51
19Set07,81.93
20Set07,83.32
21Set07,83.42
24Set07,82.65
25Set07,81.38
26Set07,80.3
27Set07,82.88
28Set07,81.66
01Oct07,80.24
02Oct07,80.05
03Oct07,79.94
04Oct07,81.44
05Oct07,81.22
08Oct07,79.02
09Oct07,80.26
10Oct07,81.3
11Oct07,83.08
12Oct07,83.69
15Oct07,86.13
16Oct07,87.61
17Oct07,87.4
18Oct07,89.47
19Oct07,88.6
22Oct07,87.56
23Oct07,86.57
24Oct07,89.1
25Oct07,92.81
26Oct07,91.86
29Oct07,93.53
30Oct07,90.38
31Oct07,94.53
01Nov07,93.49
02Nov07,95.93
05Nov07,93.98
06Nov07,96.7
07Nov07,96.37
08Nov07,95.46
09Nov07,96.32
12Nov07,94.62
13Nov07,91.17
14Nov07,94.09
15Nov07,93.43
16Nov07,95.1
19Nov07,95.64
20Nov07,98.88
21Nov07,98.04
22Nov07,n.d.
23Nov07,98.18
26Nov07,97.7
27Nov07,94.42
28Nov07,90.62
29Nov07,91.01
30Nov07,88.71
03Dic07,89.31
04Dic07,88.32
05Dic07,87.49
06Dic07,90.23
07Dic07,88.28
10Dic07,87.86
11Dic07,90.02
12Dic07,94.39
13Dic07,92.25
14Dic07,91.27
17Dic07,90.63
18Dic07,90.49
19Dic07,91.07
20Dic07,90.96
21Dic07,93.26
24Dic07,n.d.
25Dic07,n.d.
26Dic07,95.97
27Dic07,96.62
28Dic07,96
31Dic07,n.d.
01Ene08,n.d.
02Ene08,99.62
03Ene08,99.18
04Ene08,97.91
07Ene08,95.09
08Ene08,96.33
09Ene08,95.67
10Ene08,93.71
11Ene08,92.69
14Ene08,94.2
15Ene08,91.9
16Ene08,90.84
17Ene08,90.13
18Ene08,90.57
21Ene08,n.d.
22Ene08,89.85
23Ene08,87.64
24Ene08,90.06
25Ene08,90.39
28Ene08,90.99
29Ene08,91.64
30Ene08,92.33
31Ene08,91.75
01Feb08,88.96
04Feb08,90.02
05Feb08,88.41
06Feb08,87.14
07Feb08,88.11
08Feb08,91.77
11Feb08,93.59
12Feb08,92.78
13Feb08,93.27
14Feb08,95.46
15Feb08,95.5
18Feb08,n.d.
19Feb08,100.01
20Feb08,100.74
21Feb08,98.53
22Feb08,98.96
25Feb08,99.48
26Feb08,100.88
27Feb08,99.64
28Feb08,102.59
29Feb08,101.84
03Mar08,102.45
04Mar08,99.52
05Mar08,104.52
06Mar08,105.47
07Mar08,105.15
10Mar08,107.9
11Mar08,108.75
12Mar08,109.92
13Mar08,110.33
14Mar08,110.21
17Mar08,105.68
18Mar08,109.42
19Mar08,104.48
20Mar08,102.79
21Mar08,n.d.
24Mar08,101.06
25Mar08,101.12
26Mar08,105.9
27Mar08,107.58
28Mar08,105.62
31Mar08,101.58
01Abr08,100.98
02Abr08,104.83
03Abr08,103.83
04Abr08,106.23
07Abr08,109.09
08Abr08,108.5
09Abr08,110.87
10Abr08,110.11
11Abr08,110.14
14Abr08,111.76
15Abr08,113.79
16Abr08,114.93
17Abr08,114.86
18Abr08,116.69
21Abr08,117.48
22Abr08,119.37
23Abr08,119.4
24Abr08,117.21
25Abr08,119.7
28Abr08,118.75
29Abr08,115.63
30Abr08,113.46
01May08,112.52
02May08,116.32
05May08,119.97
06May08,121.84
07May08,123.53
08May08,123.69
09May08,125.96
12May08,124.23
13May08,125.8
14May08,124.22
15May08,124.12
16May08,126.29
19May08,127.05
20May08,129.07
21May08,132.57
22May08,130.21
23May08,131.59
26May08,n.d.
27May08,128.85
28May08,131.03
29May08,126.62
30May08,127.35
02Jun08,127.76
03Jun08,124.31
04Jun08,122.3
05Jun08,127.79
06Jun08,138.54
09Jun08,134.35
10Jun08,131.31
11Jun08,136.38
12Jun08,136.74
13Jun08,134.86
16Jun08,134.61
17Jun08,134.01
18Jun08,136.68
19Jun08,131.93
20Jun08,134.62
23Jun08,136
24Jun08,136.4
25Jun08,134.03
26Jun08,139.64
27Jun08,140.21
30Jun08,140
01Jul08,140.97
02Jul08,143.57
03Jul08,145.29
04Jul08,n.d.
07Jul08,141.37
08Jul08,136.04
09Jul08,136.05
10Jul08,141.65
11Jul08,145.08
14Jul08,145.18
15Jul08,138.74
16Jul08,134.6
17Jul08,129.29
18Jul08,128.88
21Jul08,131.04
22Jul08,127.95
23Jul08,123.64
24Jul08,124.74
25Jul08,122.46
28Jul08,124.73
29Jul08,122.19
30Jul08,126.77
31Jul08,124.08
01Ago08,125.1
04Ago08,121.41
05Ago08,119.17
06Ago08,118.58
07Ago08,120.02
08Ago08,115.2
11Ago08,114.45
12Ago08,113.01
13Ago08,116
14Ago08,115.01
15Ago08,113.77
18Ago08,112.87
19Ago08,114.53
20Ago08,114.98
21Ago08,120.93
22Ago08,114.24
25Ago08,114.71
26Ago08,116.27
27Ago08,118.15
28Ago08,115.59
29Ago08,115.46
01Set08,n.d.
02Set08,109.71
03Set08,109.35
04Set08,107.89
05Set08,106.23
08Set08,106.34
09Set08,103.26
10Set08,102.58
11Set08,100.6
12Set08,101.18
15Set08,95.71
16Set08,91.15
17Set08,97.16
18Set08,97.88
19Set08,104.55
22Set08,106.88
23Set08,120.92
24Set08,107.86
25Set08,109.52
26Set08,106.89
29Set08,96.37
30Set08,100.64
01Oct08,98.53
02Oct08,93.97
03Oct08,93.88
06Oct08,87.81
07Oct08,90.06
08Oct08,88.95
09Oct08,86.59
10Oct08,77.7
13Oct08,81.19
14Oct08,78.63
15Oct08,74.54
16Oct08,69.85
17Oct08,71.85
20Oct08,74.64
21Oct08,70.89
22Oct08,65.85
23Oct08,66.84
24Oct08,63.15
27Oct08,63.22
28Oct08,62.73
29Oct08,67.5
30Oct08,65.96
31Oct08,67.81
03Nov08,63.91
04Nov08,70.53
05Nov08,65.3
06Nov08,60.77
07Nov08,61.04
10Nov08,62.41
11Nov08,62.41
12Nov08,59.33
13Nov08,56.16
14Nov08,58.24
17Nov08,54.95
18Nov08,54.39
19Nov08,53.62
20Nov08,49.03
21Nov08,49.62
24Nov08,53.5
25Nov08,49.87
26Nov08,54.44
27Nov08,54.44
28Nov08,54.43
01Dic08,49.28
02Dic08,46.96
03Dic08,46.79
04Dic08,43.67
05Dic08,40.81
08Dic08,43.71
09Dic08,42.07
10Dic08,43.52
11Dic08,47.98
12Dic08,46.28
15Dic08,44.51
16Dic08,43.6
17Dic08,40.06
18Dic08,36.22
19Dic08,33.87
22Dic08,31.41
23Dic08,33.48
24Dic08,34.49
25Dic08,n.d.
26Dic08,32.35
29Dic08,40.02
30Dic08,39.03
31Dic08,39.65
01Ene09,n.d.
02Ene09,46.34
05Ene09,48.81
06Ene09,48.58
07Ene09,42.63
08Ene09,41.7
09Ene09,40.83
12Ene09,37.59
13Ene09,37.78
14Ene09,44.19
15Ene09,43.54
16Ene09,42.57
19Ene09,40.96
20Ene09,40.84
21Ene09,42.25
22Ene09,42.27
23Ene09,45.47
26Ene09,45.73
27Ene09,41.58
28Ene09,42.16
29Ene09,41.44
30Ene09,41.68
02Feb09,40.08
03Feb09,40.78
04Feb09,40.32
05Feb09,41.17
06Feb09,40.17
09Feb09,39.56
10Feb09,37.55
11Feb09,35.94
12Feb09,33.98
13Feb09,37.51
16Feb09,n.d.
17Feb09,34.93
18Feb09,34.62
19Feb09,39.48
20Feb09,38.94
23Feb09,37.54
24Feb09,39.11
25Feb09,41.7
26Feb09,45.22
27Feb09,44.76
02Mar09,40.15
03Mar09,41.65
04Mar09,45.38
05Mar09,43.61
06Mar09,45.52
09Mar09,47.07
10Mar09,45.71
11Mar09,42.33
12Mar09,47.03
13Mar09,46.25
16Mar09,47.35
17Mar09,49.16
18Mar09,48.14
19Mar09,51.61
20Mar09,51.06
23Mar09,53
24Mar09,53.48
25Mar09,52.17
26Mar09,54.34
27Mar09,52.38
30Mar09,48.41
31Mar09,49.66
01Abr09,48.39
02Abr09,52.64
03Abr09,52.51
06Abr09,51.05
07Abr09,49.15
08Abr09,49.38
09Abr09,52.24
10Abr09,52.4
13Abr09,50.05
14Abr09,49.41
15Abr09,49.25
16Abr09,49.98
17Abr09,50.33
20Abr09,45.88
21Abr09,46.69
22Abr09,47.45
23Abr09,49.05
24Abr09,51.05
27Abr09,50.14
28Abr09,49.92
29Abr09,50.97
30Abr09,51.12
01May09,53.2
04May09,54.47
05May09,54.47
06May09,56.34
07May09,56.71
08May09,58.63
11May09,58.5
12May09,58.85
13May09,58.02
14May09,58.62
15May09,56.34
18May09,59.03
19May09,59.65
20May09,61.44
21May09,60.55
22May09,61.02
25May09,n.d.
26May09,62.45
27May09,63.45
28May09,65.08
29May09,66.31
01Jun09,68.58
02Jun09,68.55
03Jun09,66.12
04Jun09,68.81
05Jun09,68.44
08Jun09,68.09
09Jun09,70.01
10Jun09,71.33
11Jun09,72.68
12Jun09,72.04
15Jun09,70.62
16Jun09,70.47
17Jun09,71.03
18Jun09,71.37
19Jun09,69.55
22Jun09,66.93
23Jun09,68.74
24Jun09,68.14
25Jun09,69.94
26Jun09,69.16
29Jun09,71.49
30Jun09,69.89
01Jul09,69.31
02Jul09,66.73
03Jul09,66.73
06Jul09,64.05
07Jul09,62.8
08Jul09,60.14
09Jul09,60.33
10Jul09,59.89
13Jul09,59.69
14Jul09,59.52
15Jul09,61.54
16Jul09,62.02
17Jul09,63.56
20Jul09,63.98
21Jul09,64.72
22Jul09,64.25
23Jul09,66.01
24Jul09,66.55
27Jul09,68.38
28Jul09,67.23
29Jul09,63.35
30Jul09,66.94
31Jul09,69.45
03Ago09,71.58
04Ago09,71.42
05Ago09,71.97
06Ago09,71.94
07Ago09,70.93
10Ago09,70.6
11Ago09,69.45
12Ago09,70.16
13Ago09,70.52
14Ago09,67.51
17Ago09,66.75
18Ago09,69.19
19Ago09,72.42
20Ago09,72.54
21Ago09,73.29
24Ago09,73.82
25Ago09,71.55
26Ago09,71.43
27Ago09,72.49
28Ago09,72.74
31Ago09,69.96
01Set09,68.05
02Set09,68.05
03Set09,67.96
04Set09,68.02
07Set09,68.02
08Set09,71.1
09Set09,71.31
10Set09,71.94
11Set09,69.29
14Set09,68.86
15Set09,70.93
16Set09,72.51
17Set09,72.47
18Set09,72.04
21Set09,69.71
22Set09,71.55
23Set09,68.77
24Set09,65.72
25Set09,65.87
28Set09,66.84
29Set09,66.71
30Set09,70.61
01Oct09,70.82
02Oct09,69.95
05Oct09,70.41
06Oct09,70.88
07Oct09,69.57
08Oct09,71.69
09Oct09,71.77
12Oct09,73.27
13Oct09,74.15
14Oct09,75.18
15Oct09,77.58
16Oct09,78.53
19Oct09,79.61
20Oct09,79.09
21Oct09,81.04
22Oct09,80.84
23Oct09,80.05
26Oct09,78.68
27Oct09,79.55
28Oct09,77.46
29Oct09,79.87
30Oct09,77
02Nov09,78.13
03Nov09,79.6
04Nov09,80.4
05Nov09,79.62
06Nov09,77.43
09Nov09,79.43
10Nov09,79.05
11Nov09,79.28
12Nov09,76.94
13Nov09,76.35
16Nov09,78.9
17Nov09,79.14
18Nov09,79.58
19Nov09,77.46
20Nov09,76.72
23Nov09,76.56
24Nov09,74.92
25Nov09,77.06
26Nov09,77.06
27Nov09,76.05
30Nov09,77.28
01Dic09,78.37
02Dic09,76.6
03Dic09,76.46
04Dic09,75.47
07Dic09,73.93
08Dic09,72.62
09Dic09,70.67
10Dic09,70.54
11Dic09,69.87
14Dic09,69.51
15Dic09,70.69
16Dic09,72.66
17Dic09,72.65
18Dic09,73.36
21Dic09,72.47
22Dic09,73.75
23Dic09,75.46
24Dic09,77.15
25Dic09,77.15
28Dic09,78.77
29Dic09,78.87
30Dic09,78.66
31Dic09,79.36
01Ene10,79.36
04Ene10,81.51
05Ene10,81.77
06Ene10,83.18
07Ene10,82.66
08Ene10,82.75
11Ene10,82.52
12Ene10,80.79
13Ene10,79.65
14Ene10,79.39
15Ene10,78
18Ene10,78
19Ene10,79.02
20Ene10,77.62
21Ene10,75.78
22Ene10,74.24
25Ene10,74.96
26Ene10,74.71
27Ene10,73.67
28Ene10,73.64
29Ene10,72.89
01Feb10,74.43
02Feb10,77.23
03Feb10,76.98
04Feb10,73.14
05Feb10,71.19
08Feb10,71.89
09Feb10,73.75
10Feb10,74.52
11Feb10,75.28
12Feb10,74.13
15Feb10,74.13
16Feb10,77.01
17Feb10,77.33
18Feb10,79.06
19Feb10,79.81
22Feb10,80.16
23Feb10,78.61
24Feb10,79.75
25Feb10,77.92
26Feb10,79.66
01Mar10,78.7
02Mar10,79.68
03Mar10,80.87
04Mar10,80.21
05Mar10,81.5
08Mar10,81.87
09Mar10,81.49
10Mar10,82.09
11Mar10,82.11
12Mar10,81.24
15Mar10,79.8
16Mar10,81.7
17Mar10,82.93
18Mar10,82.2
19Mar10,80.68
22Mar10,81.25
23Mar10,81.63
24Mar10,80.31
25Mar10,80.2
26Mar10,80
29Mar10,82.17
30Mar10,82.37
31Mar10,83.76
01Abr10,84.87
02Abr10,84.87
05Abr10,86.62
06Abr10,86.84
07Abr10,85.88
08Abr10,85.39
09Abr10,84.92
12Abr10,84.34
13Abr10,84.05
14Abr10,85.84
15Abr10,85.51
16Abr10,83.24
19Abr10,81.45
20Abr10,83.45
21Abr10,82.93
22Abr10,83.1
23Abr10,84.42
26Abr10,84.2
27Abr10,82.44
28Abr10,83.22
29Abr10,85.17
30Abr10,86.15
03May10,86.19
04May10,82.74
05May10,79.97
06May10,77.11
07May10,75.11
10May10,76.8
11May10,76.37
12May10,75.65
13May10,74.4
14May10,71.61
17May10,70.08
18May10,69.41
19May10,69.87
20May10,68.01
21May10,68.04
24May10,65.96
25May10,67.25
26May10,71.51
27May10,74.55
28May10,73.97
31May10,73.97
01Jun10,72.58
02Jun10,72.86
03Jun10,74.61
04Jun10,71.51
07Jun10,71.44
08Jun10,71.99
09Jun10,74.36
10Jun10,75.48
11Jun10,73.78
14Jun10,75.12
15Jun10,76.94
16Jun10,77.67
17Jun10,76.79
18Jun10,77.18
21Jun10,77.82
22Jun10,77.21
23Jun10,75.85
24Jun10,76.16
25Jun10,78.61
28Jun10,78.25
29Jun10,75.94
30Jun10,75.63
01Jul10,72.95
02Jul10,72.14
05Jul10,72.14
06Jul10,71.98
07Jul10,74.07
08Jul10,75.44
09Jul10,76.09
12Jul10,74.95
13Jul10,77.15
14Jul10,77.04
15Jul10,76.76
16Jul10,76.01
19Jul10,76.54
20Jul10,77.44
21Jul10,76.26
22Jul10,79.03
23Jul10,78.73
26Jul10,78.98
27Jul10,77.5
28Jul10,76.99
29Jul10,78.36
30Jul10,78.95
02Ago10,81.34
03Ago10,82.55
04Ago10,82.47
05Ago10,82.01
06Ago10,80.7
09Ago10,81.48
10Ago10,80.25
11Ago10,78.37
12Ago10,75.74
13Ago10,75.39
16Ago10,75.24
17Ago10,75.77
18Ago10,75.42
19Ago10,74.43
20Ago10,73.46
23Ago10,72.7
24Ago10,71.2
25Ago10,71.92
26Ago10,73.36
27Ago10,75.17
30Ago10,74.7
31Ago10,71.92
01Set10,73.91
02Set10,75.02
03Set10,74.6
06Set10,74.6
07Set10,74.09
08Set10,74.67
09Set10,74.25
10Set10,76.45
13Set10,77.19
14Set10,76.8
15Set10,76.02
16Set10,74.57
17Set10,73.66
20Set10,74.86
21Set10,73.52
22Set10,72.66
23Set10,73.38
24Set10,74.94
27Set10,76.52
28Set10,76.18
29Set10,77.86
30Set10,79.97
01Oct10,81.58
04Oct10,81.47
05Oct10,82.82
06Oct10,83.23
07Oct10,81.67
08Oct10,82.66
11Oct10,84.7244761904762
12Oct10,81.67
13Oct10,83.01
14Oct10,82.69
15Oct10,81.25
18Oct10,83.08
19Oct10,79.49
20Oct10,81.77
21Oct10,80.06
22Oct10,81.16
25Oct10,81.97
26Oct10,82.55
27Oct10,81.94
28Oct10,82.18
29Oct10,81.43
01Nov10,82.95
02Nov10,83.9
03Nov10,84.69
04Nov10,86.49
05Nov10,86.85
08Nov10,87.06
09Nov10,86.72
10Nov10,87.81
11Nov10,87.81
12Nov10,84.88
15Nov10,84.86
16Nov10,82.34
17Nov10,80.44
18Nov10,81.85
19Nov10,81.51
22Nov10,81.24
23Nov10,80.7
24Nov10,83.26
25Nov10,83.26
26Nov10,83.76
29Nov10,85.73
30Nov10,84.11
01Dic10,86.75
02Dic10,88
03Dic10,89.19
06Dic10,89.38
07Dic10,88.69
08Dic10,88.28
09Dic10,88.37
10Dic10,87.79
13Dic10,88.61
14Dic10,88.28
15Dic10,88.62
16Dic10,87.7
17Dic10,88.02
20Dic10,88.81
21Dic10,89.17
22Dic10,89.83
23Dic10,90.91
24Dic10,90.91
27Dic10,91
28Dic10,91.49
29Dic10,91.12
30Dic10,89.84
31Dic10,91.38
03Ene11,91.55
04Ene11,89.38
05Ene11,90.3
06Ene11,88.38
07Ene11,88.03
10Ene11,89.25
11Ene11,91.11
12Ene11,91.86
13Ene11,91.4
14Ene11,91.54
17Ene11,91.54
18Ene11,91.38
19Ene11,90.86
20Ene11,88.86
21Ene11,87.96
24Ene11,86.67
25Ene11,85.14
26Ene11,87.33
27Ene11,85.64
28Ene11,89.34
31Ene11,92.19
01Feb11,90.77
02Feb11,90.86
03Feb11,90.54
04Feb11,89.03
07Feb11,87.48
08Feb11,86.94
09Feb11,86.71
10Feb11,86.73
11Feb11,85.58
14Feb11,84.81
15Feb11,84.32
16Feb11,84.99
17Feb11,86.36
18Feb11,86.2
21Feb11,86.2
22Feb11,93.57
23Feb11,96.5
24Feb11,95.78
25Feb11,96.98
28Feb11,96.97
01Mar11,99.63
02Mar11,102.23
03Mar11,101.91
04Mar11,104.42
07Mar11,105.44
08Mar11,105.02
09Mar11,104.38
10Mar11,102.7
11Mar11,101.16
14Mar11,101.19
15Mar11,97.18
16Mar11,97.98
17Mar11,101.42
18Mar11,101.07
21Mar11,102.33
22Mar11,104
23Mar11,105.2
24Mar11,105.05
25Mar11,105
28Mar11,103.98
29Mar11,104.79
30Mar11,104.27
31Mar11,106.72
01Abr11,107.94
04Abr11,108.47
05Abr11,108.34
06Abr11,108.83
07Abr11,110.3
08Abr11,112.79
11Abr11,109.92
12Abr11,106.25
13Abr11,107.11
14Abr11,108.11
15Abr11,109.66
18Abr11,107.12
19Abr11,108.15
20Abr11,110.85
21Abr11,111.71
22Abr11,111.71
25Abr11,111.88
26Abr11,112.21
27Abr11,112.76
28Abr11,112.86
29Abr11,113.93
02May11,113.52
03May11,111.05
04May11,109.24
05May11,99.8
06May11,97.18
09May11,102.55
10May11,103.88
11May11,98.21
12May11,98.97
13May11,99.65
16May11,97.85
17May11,96.91
18May11,100.1
19May11,98.44
20May11,99.49
23May11,97.25
24May11,99.09
25May11,100.72
26May11,100.23
27May11,100.59
30May11,100.59
31May11,102.7
01Jun11,100.29
02Jun11,100.4
03Jun11,100.56
06Jun11,99.01
07Jun11,99.09
08Jun11,100.74
09Jun11,101.93
10Jun11,99.29
13Jun11,97.3
14Jun11,99.37
15Jun11,94.81
16Jun11,94.95
17Jun11,93.01
20Jun11,93.26
21Jun11,93.4
22Jun11,95.01
23Jun11,90.65
24Jun11,90.83
27Jun11,90.61
28Jun11,92.89
29Jun11,94.77
30Jun11,95.42
01Jul11,94.94
04Jul11,94.94
05Jul11,96.89
06Jul11,96.65
07Jul11,98.67
08Jul11,96.2
11Jul11,95.15
12Jul11,97.43
13Jul11,98.05
14Jul11,95.69
15Jul11,97.24
18Jul11,95.93
19Jul11,97.5
20Jul11,98.14
21Jul11,98.91
22Jul11,99.64
25Jul11,98.97
26Jul11,99.72
27Jul11,97.4
28Jul11,97.44
29Jul11,95.7
01Ago11,94.89
02Ago11,93.79
03Ago11,91.93
04Ago11,86.63
05Ago11,86.88
08Ago11,81.31
09Ago11,79.3
10Ago11,82.89
11Ago11,85.72
12Ago11,85.38
15Ago11,87.88
16Ago11,86.65
17Ago11,87.58
18Ago11,82.38
19Ago11,82.26
22Ago11,84.12
23Ago11,85.27
24Ago11,84.98
25Ago11,85.2
26Ago11,85.37
29Ago11,87.27
30Ago11,88.9
31Ago11,88.81
01Set11,88.93
02Set11,86.45
05Set11,86.45
06Set11,86.02
07Set11,89.34
08Set11,89.05
09Set11,87.24
12Set11,88.19
13Set11,90.21
14Set11,88.91
15Set11,89.4
16Set11,87.96
19Set11,85.7
20Set11,86.89
21Set11,85.75
22Set11,80.26
23Set11,79.58
26Set11,80.24
27Set11,84.45
28Set11,81.21
29Set11,82.14
30Set11,79.2
03Oct11,77.61
04Oct11,75.67
05Oct11,79.68
06Oct11,82.59
07Oct11,82.98
10Oct11,85.41
11Oct11,85.81
12Oct11,85.57
13Oct11,84.23
14Oct11,86.8
17Oct11,86.38
18Oct11,88.34
19Oct11,86.11
20Oct11,85.3
21Oct11,87.22
24Oct11,91.17
25Oct11,92.99
26Oct11,90.2
27Oct11,93.96
28Oct11,93.32
31Oct11,93.19
01Nov11,92.19
02Nov11,92.51
03Nov11,94.07
04Nov11,94.26
07Nov11,95.52
08Nov11,96.8
09Nov11,95.74
10Nov11,97.78
11Nov11,98.99
14Nov11,98.14
15Nov11,99.37
16Nov11,102.59
17Nov11,98.82
18Nov11,97.41
21Nov11,96.69
22Nov11,97.71
23Nov11,95.87
24Nov11,95.87
25Nov11,96.77
28Nov11,98.21
29Nov11,99.79
30Nov11,100.36
01Dic11,100.2
02Dic11,100.96
05Dic11,100.99
06Dic11,101.28
07Dic11,100.49
08Dic11,98.34
09Dic11,99.41
12Dic11,97.77
13Dic11,100.14
14Dic11,94.95
15Dic11,93.87
16Dic11,93.53
19Dic11,93.88
20Dic11,97.22
21Dic11,98.52
22Dic11,99.48
23Dic11,99.63
26Dic11,99.63
27Dic11,101.34
28Dic11,99.36
29Dic11,99.65
30Dic11,98.83
02Ene12,98.83
03Ene12,102.96
04Ene12,103.22
05Ene12,101.81
06Ene12,101.56
09Ene12,101.31
10Ene12,102.24
11Ene12,100.87
12Ene12,99.1
13Ene12,98.7
16Ene12,98.7
17Ene12,100.71
18Ene12,100.59
19Ene12,100.39
20Ene12,98.46
23Ene12,99.42
24Ene12,98.75
25Ene12,99.13
26Ene12,99.7
27Ene12,99.56
30Ene12,98.78
31Ene12,98.48
01Feb12,97.61
02Feb12,96.36
03Feb12,97.84
06Feb12,96.91
07Feb12,98.41
08Feb12,98.71
09Feb12,99.84
10Feb12,98.67
13Feb12,100.91
14Feb12,100.74
15Feb12,101.8
16Feb12,102.31
17Feb12,103.24
20Feb12,103.24
21Feb12,105.84
22Feb12,105.93
23Feb12,107.49
24Feb12,109.49
27Feb12,108.56
28Feb12,106.55
29Feb12,107.07
01Mar12,108.84
02Mar12,106.7
05Mar12,106.72
06Mar12,104.7
07Mar12,106.16
08Mar12,106.58
09Mar12,107.4
12Mar12,106.34
13Mar12,106.71
14Mar12,105.43
15Mar12,105.11
16Mar12,107.06
19Mar12,108.09
20Mar12,105.61
21Mar12,106.77
22Mar12,104.96
23Mar12,106.47
26Mar12,107.03
27Mar12,107.33
28Mar12,105.41
29Mar12,102.78
30Mar12,103.02
02Abr12,105.23
03Abr12,104.01
04Abr12,101.47
05Abr12,103.31
06Abr12,103.31
09Abr12,102.46
10Abr12,101.02
11Abr12,102.7
12Abr12,103.64
13Abr12,102.83
16Abr12,102.93
17Abr12,104.2
18Abr12,102.67
19Abr12,102.27
20Abr12,103.05
23Abr12,102.66
24Abr12,103.16
25Abr12,103.7
26Abr12,104.55
27Abr12,104.93
30Abr12,104.87
01May12,106.16
02May12,105.22
03May12,102.54
04May12,98.49
07May12,97.94
08May12,97.01
09May12,96.81
10May12,97.08
11May12,96.13
14May12,94.78
15May12,93.98
16May12,92.81
17May12,92.56
18May12,91.48
21May12,92.57
22May12,91.66
23May12,89.6
24May12,90.41
25May12,90.66
28May12,90.66
29May12,90.76
30May12,87.82
31May12,86.53
01Jun12,83.23
04Jun12,83.98
05Jun12,84.29
06Jun12,85.02
07Jun12,84.82
08Jun12,84.1
11Jun12,82.7
12Jun12,83.32
13Jun12,82.62
14Jun12,83.91
15Jun12,84.03
18Jun12,83.27
19Jun12,84.03
20Jun12,81.8
21Jun12,77.84
22Jun12,79.36
25Jun12,79.01
26Jun12,79.36
27Jun12,80.21
28Jun12,77.69
29Jun12,84.96
02Jul12,83.75
03Jul12,87.66
04Jul12,87.66
05Jul12,87.22
06Jul12,84.45
09Jul12,85.99
10Jul12,83.91
11Jul12,85.81
12Jul12,86.08
13Jul12,87.1
16Jul12,88.43
17Jul12,89.22
18Jul12,89.87
19Jul12,92.66
20Jul12,91.44
23Jul12,87.91
24Jul12,88.28
25Jul12,88.79
26Jul12,89.39
27Jul12,90.13
30Jul12,89.78
31Jul12,88.06
01Ago12,88.91
02Ago12,87.13
03Ago12,91.4
06Ago12,92.2
07Ago12,93.67
08Ago12,93.35
09Ago12,93.36
10Ago12,92.87
13Ago12,92.73
14Ago12,93.43
15Ago12,94.33
16Ago12,95.6
17Ago12,96.01
20Ago12,95.97
21Ago12,96.4
22Ago12,96.98
23Ago12,95.97
24Ago12,95.85
27Ago12,95.47
28Ago12,96.33
29Ago12,95.49
30Ago12,94.62
31Ago12,96.47
03Set12,96.47
04Set12,95.3
05Set12,95.36
06Set12,95.53
07Set12,96.42
10Set12,96.54
11Set12,97.17
12Set12,97.01
13Set12,98.31
14Set12,99.56
17Set12,96.62
18Set12,95.29
19Set12,91.98
20Set12,91.87
21Set12,92.61
24Set12,91.63
25Set12,90.99
26Set12,89.98
27Set12,91.85
28Set12,92.19
01Oct12,92.48
02Oct12,91.89
03Oct12,88.14
04Oct12,91.71
05Oct12,89.88
08Oct12,89.33
09Oct12,92.39
10Oct12,91.25
11Oct12,92.07
12Oct12,91.86
15Oct12,91.85
16Oct12,92.09
17Oct12,92.12
18Oct12,92.1
19Oct12,90.05
22Oct12,88.73
23Oct12,86.32
24Oct12,85.33
25Oct12,85.68
26Oct12,86.28
29Oct12,85.54
30Oct12,85.57
31Oct12,86.24
01Nov12,87.09
02Nov12,84.86
05Nov12,85.65
06Nov12,88.71
07Nov12,84.44
08Nov12,85.09
09Nov12,86.07
12Nov12,85.57
13Nov12,85.38
14Nov12,86.32
15Nov12,85.45
16Nov12,86.67
19Nov12,88.98
20Nov12,86.36
21Nov12,86.93
22Nov12,86.93
23Nov12,88.28
26Nov12,87.74
27Nov12,87.18
28Nov12,86.49
29Nov12,88.07
30Nov12,88.91
03Dic12,89.09
04Dic12,88.5
05Dic12,87.88
06Dic12,86.26
07Dic12,85.93
10Dic12,85.56
11Dic12,85.79
12Dic12,86.77
13Dic12,85.89
14Dic12,86.73
17Dic12,87.2
18Dic12,87.93
19Dic12,89.51
20Dic12,89.68
21Dic12,88.31
24Dic12,88.26
25Dic12,88.26
26Dic12,90.98
27Dic12,90.87
28Dic12,90.8
31Dic12,91.82
01Ene13,n.d.
02Ene13,93.12
03Ene13,92.92
04Ene13,93.09
07Ene13,93.19
08Ene13,93.15
09Ene13,93.1
10Ene13,93.82
11Ene13,93.56
14Ene13,94.14
15Ene13,93.46
16Ene13,94.24
17Ene13,95.49
18Ene13,95.56
21Ene13,95.56
22Ene13,96.24
23Ene13,94.58
24Ene13,95.15
25Ene13,95.38
28Ene13,96.44
29Ene13,97.57
30Ene13,97.94
31Ene13,97.49
01Feb13,97.77
04Feb13,96.17
05Feb13,96.64
06Feb13,96.62
07Feb13,95.83
08Feb13,95.72
11Feb13,97.03
12Feb13,97.51
13Feb13,97.01
14Feb13,97.31
15Feb13,95.86
18Feb13,95.86
19Feb13,96.66
20Feb13,94.46
21Feb13,92.44
22Feb13,92.77
25Feb13,92.8
26Feb13,92.63
27Feb13,92.76
28Feb13,92.05
01Mar13,90.68
04Mar13,90.12
05Mar13,90.82
06Mar13,90.43
07Mar13,91.56
08Mar13,91.95
11Mar13,92.06
12Mar13,92.54
13Mar13,92.52
14Mar13,93.03
15Mar13,93.45
18Mar13,93.74
19Mar13,92.16
20Mar13,92.96
21Mar13,92.13
22Mar13,93.39
25Mar13,94.56
26Mar13,96.34
27Mar13,96.58
28Mar13,97.23
29Mar13,97.23
01Abr13,97.07
02Abr13,97.19
03Abr13,94.45
04Abr13,93.26
05Abr13,92.7
08Abr13,93.36
09Abr13,94.2
10Abr13,94.64
11Abr13,93.51
12Abr13,91.29
15Abr13,88.71
16Abr13,88.72
17Abr13,86.68
18Abr13,87.73
19Abr13,88.01
22Abr13,88.76
23Abr13,88.83
24Abr13,91.06
25Abr13,93.29
26Abr13,93
29Abr13,93.87
30Abr13,93.46
01May13,91.03
02May13,93.99
03May13,95.61
06May13,96.16
07May13,95.62
08May13,96.62
09May13,96.39
10May13,96.04
13May13,95.17
14May13,94.21
15May13,93.94
16May13,95.16
17May13,96.02
20May13,96.8
21May13,96.09
22May13,94.03
23May13,93.96
24May13,93.85
27May13,93.85
28May13,95.01
29May13,93.13
30May13,93.61
31May13,91.97
03Jun13,93.45
04Jun13,93.31
05Jun13,93.74
06Jun13,94.76
07Jun13,96.03
10Jun13,95.77
11Jun13,95.38
12Jun13,95.88
13Jun13,96.69
14Jun13,97.85
17Jun13,97.77
18Jun13,98.44
19Jun13,98.24
20Jun13,95.4
21Jun13,93.59
24Jun13,95.09
25Jun13,95.29
26Jun13,95.5
27Jun13,97.05
28Jun13,96.56
01Jul13,97.99
02Jul13,99.6
03Jul13,101.24
04Jul13,101.24
05Jul13,103.22
08Jul13,103.14
09Jul13,103.53
10Jul13,106.52
11Jul13,104.91
12Jul13,105.95
15Jul13,106.32
16Jul13,106
17Jul13,106.48
18Jul13,108.04
19Jul13,108.05
22Jul13,106.91
23Jul13,107.18
24Jul13,105.32
25Jul13,105.54
26Jul13,104.9
29Jul13,104.55
30Jul13,103.08
31Jul13,105.03
01Ago13,107.89
02Ago13,106.94
05Ago13,106.56
06Ago13,105.3
07Ago13,104.37
08Ago13,103.4
09Ago13,105.97
12Ago13,106.11
13Ago13,106.83
14Ago13,106.85
15Ago13,107.33
16Ago13,107.46
19Ago13,107.1
20Ago13,104.96
21Ago13,103.81
22Ago13,105.09
23Ago13,106.57
26Ago13,105.92
27Ago13,109.01
28Ago13,110.1
29Ago13,108.8
30Ago13,107.65
02Set13,107.65
03Set13,108.54
04Set13,107.23
05Set13,108.37
06Set13,110.53
09Set13,109.52
10Set13,107.39
11Set13,107.56
12Set13,108.6
13Set13,108.21
16Set13,106.59
17Set13,105.42
18Set13,108.07
19Set13,106.39
20Set13,104.67
23Set13,103.69
24Set13,103.17
25Set13,102.76
26Set13,103.03
27Set13,102.87
30Set13,102.33
01Oct13,102.04
02Oct13,104.1
03Oct13,103.31
04Oct13,103.84
07Oct13,103.03
08Oct13,103.49
09Oct13,101.61
10Oct13,103.01
11Oct13,102.02
14Oct13,102.41
15Oct13,101.21
16Oct13,102.29
17Oct13,100.67
18Oct13,100.81
21Oct13,99.22
22Oct13,97.8
23Oct13,96.36
24Oct13,96.71
25Oct13,97.55
28Oct13,98.68
29Oct13,98.2
30Oct13,96.77
31Oct13,96.38
01Nov13,94.61
04Nov13,94.62
05Nov13,93.37
06Nov13,94.8
07Nov13,94.2
08Nov13,94.6
11Nov13,95.14
12Nov13,93.04
13Nov13,93.88
14Nov13,93.76
15Nov13,93.84
18Nov13,93.03
19Nov13,93.34
20Nov13,93.33
21Nov13,95.09
22Nov13,94.49
25Nov13,93.92
26Nov13,93.68
27Nov13,92.3
28Nov13,92.3
29Nov13,92.72
02Dic13,93.82
03Dic13,96.04
04Dic13,97.2
05Dic13,97.38
06Dic13,97.65
09Dic13,97.34
10Dic13,98.51
11Dic13,97.44
12Dic13,97.5
13Dic13,96.6
16Dic13,97.48
17Dic13,97.22
18Dic13,97.8
19Dic13,98.77
20Dic13,98.92
23Dic13,98.66
24Dic13,98.97
25Dic13,n.d.
26Dic13,n.d.
27Dic13,100.32
30Dic13,99.8
31Dic13,98.42
01Ene14,n.d.
02Ene14,95.44
03Ene14,93.96
06Ene14,93.43
07Ene14,93.67
08Ene14,92.33
09Ene14,91.66
10Ene14,92.72
13Ene14,91.8
14Ene14,92.59
15Ene14,94.17
16Ene14,93.96
17Ene14,94.37
20Ene14,n.d.
21Ene14,94.99
22Ene14,96.78
23Ene14,97.37
24Ene14,96.68
27Ene14,95.72
28Ene14,97.41
29Ene14,97.36
30Ene14,98.23
31Ene14,97.49
03Feb14,96.43
04Feb14,97.19
05Feb14,97.38
06Feb14,97.84
07Feb14,99.88
10Feb14,100.06
11Feb14,99.94
12Feb14,100.37
13Feb14,100.35
14Feb14,100.3
17Feb14,n.d.
18Feb14,102.43
19Feb14,103.31
20Feb14,102.92
21Feb14,102.5
24Feb14,103.17
25Feb14,102.13
26Feb14,102.59
27Feb14,102.4
28Feb14,102.59
03Mar14,104.92
04Mar14,103.33
05Mar14,101.45
06Mar14,101.56
07Mar14,102.58
10Mar14,101.12
11Mar14,100.03
12Mar14,97.99
13Mar14,98.2
14Mar14,98.89
17Mar14,98.08
18Mar14,99.7
19Mar14,100.37
20Mar14,99.43
21Mar14,99.96
24Mar14,100.1
25Mar14,99.54
26Mar14,100.26
27Mar14,101.28
28Mar14,101.67
31Mar14,101.58
01Abr14,99.74
02Abr14,99.62
03Abr14,100.29
04Abr14,101.14
07Abr14,100.44
08Abr14,102.56
09Abr14,103.6
10Abr14,103.4
11Abr14,103.74
14Abr14,104.05
15Abr14,103.75
16Abr14,103.44
17Abr14,104.3
18Abr14,n.d.
21Abr14,n.d.
22Abr14,102.13
23Abr14,101.74
24Abr14,102.24
25Abr14,100.9
28Abr14,100.84
29Abr14,101.28
30Abr14,99.74
01May14,99.42
02May14,99.76
05May14,n.d.
06May14,99.5
07May14,100.77
08May14,100.26
09May14,99.99
12May14,100.59
13May14,101.7
14May14,102.37
15May14,101.5
16May14,102.02
19May14,102.61
20May14,102.44
21May14,104.52
22May14,104.12
23May14,104.95
26May14,n.d.
27May14,104.11
28May14,102.72
29May14,103.58
30May14,102.71
02Jun14,102.47
03Jun14,102.66
04Jun14,102.64
05Jun14,102.48
06Jun14,102.66
09Jun14,104.41
10Jun14,104.35
11Jun14,104.4
12Jun14,106.53
13Jun14,106.91
16Jun14,106.9
17Jun14,106.36
18Jun14,105.97
19Jun14,106.43
20Jun14,107.26
23Jun14,106.82
24Jun14,106.63
25Jun14,107.25
26Jun14,105.84
27Jun14,105.74
30Jun14,105.37
01Jul14,105.34
02Jul14,104.48
03Jul14,104.06
04Jul14,104.06
07Jul14,103.53
08Jul14,103.4
09Jul14,102.29
10Jul14,102.93
11Jul14,100.83
14Jul14,100.91
15Jul14,99.96
16Jul14,101.2
17Jul14,103.19
18Jul14,103.13
21Jul14,104.59
22Jul14,104.42
23Jul14,107.62
24Jul14,105.32
25Jul14,106.34
28Jul14,101.67
29Jul14,100.97
30Jul14,100.27
31Jul14,98.17
01Ago14,97.88
04Ago14,98.29
05Ago14,97.38
06Ago14,96.92
07Ago14,97.34
08Ago14,97.56
11Ago14,98.08
12Ago14,97.37
13Ago14,97.59
14Ago14,95.58
15Ago14,97.35
18Ago14,96.41
19Ago14,94.48
20Ago14,96.07
21Ago14,96.31
22Ago14,96.05
25Ago14,95.1
26Ago14,93.86
27Ago14,93.88
28Ago14,94.55
29Ago14,95.96
01Set14,95.96
02Set14,92.88
03Set14,95.54
04Set14,94.45
05Set14,93.29
08Set14,92.66
09Set14,92.75
10Set14,91.67
11Set14,92.83
12Set14,92.27
15Set14,92.92
16Set14,94.88
17Set14,94.42
18Set14,93.07
19Set14,92.41
22Set14,91.52
23Set14,92.56
24Set14,94
25Set14,94.33
26Set14,93.54
29Set14,94.57
30Set14,91.16
01Oct14,90.73
02Oct14,91.01
03Oct14,89.74
06Oct14,90.34
07Oct14,88.85
08Oct14,87.31
09Oct14,85.77
10Oct14,85.82
13Oct14,85.74
14Oct14,81.84
15Oct14,81.78
16Oct14,82.7
17Oct14,82.75
20Oct14,82.71
21Oct14,82.81
22Oct14,81.42
23Oct14,82.34
24Oct14,81.26
27Oct14,81
28Oct14,81.42
29Oct14,82.2
30Oct14,81.12
31Oct14,80.54
03Nov14,78.78
04Nov14,77.19
05Nov14,78.68
06Nov14,77.91
07Nov14,78.65
10Nov14,77.4
11Nov14,77.94
12Nov14,77.18
13Nov14,74.21
14Nov14,75.82
17Nov14,75.64
18Nov14,74.61
19Nov14,74.58
20Nov14,75.58
21Nov14,76.41
24Nov14,75.78
25Nov14,74.14
26Nov14,73.69
27Nov14,73.69
28Nov14,66.15
01Dic14,69
02Dic14,66.88
03Dic14,67.38
04Dic14,66.81
05Dic14,65.84
08Dic14,63.05
09Dic14,63.82
10Dic14,60.94
11Dic14,59.95
12Dic14,57.81
15Dic14,55.91
16Dic14,55.93
17Dic14,56.47
18Dic14,54.11
19Dic14,56.52
22Dic14,54.96
23Dic14,56.9
24Dic14,55.64
25Dic14,55.64
26Dic14,54.73
29Dic14,53.61
30Dic14,54.12
31Dic14,52.79
01Ene15,n.d.
02Ene15,52.69
05Ene15,50.04
06Ene15,47.93
07Ene15,48.65
08Ene15,48.79
09Ene15,48.36
12Ene15,46.07
13Ene15,45.89
14Ene15,48.48
15Ene15,46.25
16Ene15,48.69
19Ene15,48.69
20Ene15,46.39
21Ene15,47.28
22Ene15,45.99
23Ene15,45.22
26Ene15,45.15
27Ene15,46.23
28Ene15,44.45
29Ene15,44.53
30Ene15,48.24
02Feb15,49.57
03Feb15,53.05
04Feb15,48.45
05Feb15,50.48
06Feb15,51.69
09Feb15,52.86
10Feb15,50.02
11Feb15,48.84
12Feb15,51.21
13Feb15,52.78
16Feb15,52.78
17Feb15,53.53
18Feb15,52.14
19Feb15,51.16
20Feb15,50.34
23Feb15,48.55
24Feb15,48.58
25Feb15,50.39
26Feb15,48.17
27Feb15,49.76
02Mar15,49.59
03Mar15,50.52
04Mar15,51.53
05Mar15,50.76
06Mar15,49.61
09Mar15,50
10Mar15,48.29
11Mar15,48.17
12Mar15,47.05
13Mar15,44.84
16Mar15,43.88
17Mar15,43.46
18Mar15,44.66
19Mar15,43.96
20Mar15,45.72
23Mar15,46.85
24Mar15,47.11
25Mar15,48.66
26Mar15,51.43
27Mar15,48.87
30Mar15,48.68
31Mar15,47.6
01Abr15,47.68
02Abr15,49.14
03Abr15,49.14
06Abr15,52.14
07Abr15,53.98
08Abr15,50.42
09Abr15,50.79
10Abr15,51.64
13Abr15,51.91
14Abr15,53.29
15Abr15,56.39
16Abr15,56.71
17Abr15,55.74
20Abr15,56.38
21Abr15,55.26
22Abr15,55.06
23Abr15,56.59
24Abr15,55.55
27Abr15,56.99
28Abr15,57.06
29Abr15,58.58
30Abr15,59.63
01May15,59.15
04May15,58.93
05May15,60.94
06May15,60.93
07May15,58.94
08May15,59.39
11May15,59.25
12May15,60.75
13May15,60.5
14May15,59.88
15May15,59.69
18May15,59.43
19May15,57.26
20May15,58.48
21May15,59.97
22May15,59.02
25May15,59.02
26May15,58.03
27May15,57.51
28May15,57.68
29May15,60.3
01Jun15,60.2
02Jun15,61.26
03Jun15,59.64
04Jun15,58
05Jun15,59.13
08Jun15,58.14
09Jun15,60.14
10Jun15,61.43
11Jun15,60.77
12Jun15,59.96
15Jun15,59.52
16Jun15,59.97
17Jun15,59.92
18Jun15,60.45
19Jun15,59.61
22Jun15,59.68
23Jun15,60.78
24Jun15,60.12
25Jun15,59.55
26Jun15,59.63
29Jun15,58.33
30Jun15,59.47
01Jul15,56.96
02Jul15,56.93
03Jul15,56.93
06Jul15,52.53
07Jul15,52.33
08Jul15,51.65
09Jul15,52.78
10Jul15,52.74
13Jul15,52.2
14Jul15,53.04
15Jul15,51.41
16Jul15,50.91
17Jul15,50.89
20Jul15,50.15
21Jul15,50.36
22Jul15,48.87
23Jul15,48.25
24Jul15,47.99
27Jul15,47.39
28Jul15,47.98
29Jul15,48.79
30Jul15,48.52
31Jul15,47.12
03Ago15,45.17
04Ago15,45.74
05Ago15,45.15
06Ago15,44.66
07Ago15,43.87
10Ago15,44.96
11Ago15,43.08
12Ago15,43.3
13Ago15,42.23
14Ago15,42.5
17Ago15,41.87
18Ago15,42.62
19Ago15,40.8
20Ago15,41.14
21Ago15,40.24
24Ago15,38.09
25Ago15,39.13
26Ago15,38.6
27Ago15,42.56
28Ago15,45.22
31Ago15,49.2
01Set15,45.41
02Set15,46.25
03Set15,46.75
04Set15,46.05
07Set15,46.05
08Set15,45.94
09Set15,44.15
10Set15,45.92
11Set15,44.63
14Set15,44
15Set15,44.59
16Set15,47.15
17Set15,46.9
18Set15,44.68
21Set15,46.68
22Set15,45.83
23Set15,44.37
24Set15,44.79
25Set15,45.7
28Set15,44.43
29Set15,45.23
30Set15,45.09
01Oct15,44.74
02Oct15,45.54
05Oct15,46.26
06Oct15,48.53
07Oct15,48.26
08Oct15,49.43
09Oct15,49.63
12Oct15,47.1
13Oct15,46.66
14Oct15,46.64
15Oct15,46.38
16Oct15,47.26
19Oct15,45.89
20Oct15,45.55
21Oct15,44.65
22Oct15,44.83
23Oct15,43.65
26Oct15,43.98
27Oct15,43.2
28Oct15,45.94
29Oct15,46.06
30Oct15,46.59
02Nov15,46.14
03Nov15,47.9
04Nov15,46.32
05Nov15,45.2
06Nov15,44.29
09Nov15,43.87
10Nov15,44.21
11Nov15,42.93
12Nov15,41.75
13Nov15,40.74
16Nov15,41.74
17Nov15,40.67
18Nov15,40.75
19Nov15,40.54
20Nov15,40.39
23Nov15,40.05
24Nov15,41.27
25Nov15,41.79
26Nov15,41.79
27Nov15,41.71
30Nov15,41.65
01Dic15,41.85
02Dic15,39.94
03Dic15,41.08
04Dic15,39.97
07Dic15,37.65
08Dic15,37.51
09Dic15,37.16
10Dic15,36.76
11Dic15,35.62
14Dic15,36.31
15Dic15,37.35
16Dic15,35.52
17Dic15,34.95
18Dic15,34.73
21Dic15,34.74
22Dic15,35.19
23Dic15,36.9
24Dic15,37.5
25Dic15,37.5
28Dic15,36.81
29Dic15,37.87
30Dic15,36.6
31Dic15,37.04
01Ene16,n.d.
04Ene16,36.76
05Ene16,35.97
06Ene16,33.97
07Ene16,33.27
08Ene16,33.16
11Ene16,31.41
12Ene16,30.44
13Ene16,30.48
14Ene16,31.2
15Ene16,29.42
18Ene16,29.42
19Ene16,28.46
20Ene16,26.55
21Ene16,28.28
22Ene16,30.99
25Ene16,28.39
26Ene16,31.45
27Ene16,32.3
28Ene16,33.22
29Ene16,33.62
01Feb16,31.62
02Feb16,29.88
03Feb16,32.28
04Feb16,31.72
05Feb16,30.89
08Feb16,29.69
09Feb16,27.94
10Feb16,27.45
11Feb16,26.21
12Feb16,29.44
15Feb16,29.44
16Feb16,29.04
17Feb16,30.66
18Feb16,30.77
19Feb16,29.64
22Feb16,31.48
23Feb16,30.07
24Feb16,30.4
25Feb16,32.17
26Feb16,32.78
29Feb16,33.75
01Mar16,34.4
02Mar16,34.66
03Mar16,34.57
04Mar16,35.92
07Mar16,37.9
08Mar16,36.5
09Mar16,38.29
10Mar16,37.84
11Mar16,38.5
14Mar16,37.18
15Mar16,36.34
16Mar16,38.46
17Mar16,40.2
18Mar16,39.44
21Mar16,39.91
22Mar16,39.95
23Mar16,38.49
24Mar16,37.96
25Mar16,37.96
28Mar16,39.39
29Mar16,38.28
30Mar16,38.32
31Mar16,38.34
01Abr16,36.79
04Abr16,35.7
05Abr16,35.89
06Abr16,37.75
07Abr16,37.26
08Abr16,39.72
11Abr16,40.36
12Abr16,42.17
13Abr16,41.76
14Abr16,41.5
15Abr16,40.36
18Abr16,39.78
19Abr16,41.08
20Abr16,42.63
21Abr16,42.23
22Abr16,42.68
25Abr16,41.24
26Abr16,44.04
27Abr16,45.33
28Abr16,46.03
29Abr16,45.92
02May16,44.78
03May16,43.65
04May16,43.78
05May16,44.32
06May16,44.66
09May16,43.44
10May16,44.66
11May16,46.23
12May16,46.7
13May16,46.21
16May16,47.72
17May16,48.31
18May16,48.19
19May16,48.16
20May16,47.75
23May16,47.48
24May16,48.17
25May16,49.16
26May16,49.48
27May16,49.33
30May16,49.33
31May16,49.1
01Jun16,49.01
02Jun16,49.17
03Jun16,48.62
06Jun16,49.69
07Jun16,50.36
08Jun16,51.23
09Jun16,50.56
10Jun16,49.07
13Jun16,48.88
14Jun16,48.49
15Jun16,48.01
16Jun16,46.21
17Jun16,47.98
20Jun16,49.37
21Jun16,48.85
22Jun16,48.43
23Jun16,49.21
24Jun16,46.94
27Jun16,46.33
28Jun16,47.85
29Jun16,49.88
30Jun16,48.33
01Jul16,48.99
04Jul16,48.99
05Jul16,46.6
06Jul16,47.43
07Jul16,45.14
08Jul16,45.41
11Jul16,44.76
12Jul16,46.8
13Jul16,44.75
14Jul16,45.68
15Jul16,45.95
18Jul16,45.24
19Jul16,44.65
20Jul16,44.94
21Jul16,43.95
22Jul16,43.49
25Jul16,42.38
26Jul16,42.92
27Jul16,41.92
28Jul16,41.14
29Jul16,41.6
01Ago16,40.06
02Ago16,39.51
03Ago16,40.83
04Ago16,41.93
05Ago16,41.8
08Ago16,43.02
09Ago16,42.77
10Ago16,41.71
11Ago16,43.49
12Ago16,44.49
15Ago16,45.74
16Ago16,46.58
17Ago16,46.79
18Ago16,48.22
19Ago16,48.52
22Ago16,47.05
23Ago16,47.65
24Ago16,46.47
25Ago16,46.93
26Ago16,47.64
29Ago16,46.98
30Ago16,46.35
31Ago16,44.7
01Set16,43.16
02Set16,44.44
05Set16,44.44
06Set16,44.83
07Set16,45.5
08Set16,47.62
09Set16,45.88
12Set16,46.29
13Set16,44.9
14Set16,43.58
15Set16,43.91
16Set16,43.03
19Set16,43.3
20Set16,43.44
21Set16,45.14
22Set16,46.17
23Set16,44.33
26Set16,45.93
27Set16,44.67
28Set16,47.05
29Set16,47.83
30Set16,48.24
03Oct16,48.81
04Oct16,48.69
05Oct16,49.83
06Oct16,50.44
07Oct16,49.81
10Oct16,51.35
11Oct16,50.79
12Oct16,50.18
13Oct16,50.44
14Oct16,50.35
17Oct16,49.94
18Oct16,50.29
19Oct16,51.6
20Oct16,50.43
21Oct16,50.55
24Oct16,50.12
25Oct16,49.51
26Oct16,49.18
27Oct16,49.72
28Oct16,48.7
31Oct16,46.86
01Nov16,46.67
02Nov16,45.34
03Nov16,44.66
04Nov16,44.07
07Nov16,44.89
08Nov16,44.98
09Nov16,45.27
10Nov16,44.66
11Nov16,43.41
14Nov16,43.32
15Nov16,45.81
16Nov16,45.57
17Nov16,45.42
18Nov16,45.69
21Nov16,47.49
22Nov16,46.63
23Nov16,46.66
24Nov16,46.66
25Nov16,44.76
28Nov16,47.08
29Nov16,45.23
30Nov16,49.44
01Dic16,51.06
02Dic16,51.68
05Dic16,51.79
06Dic16,50.93
07Dic16,49.77
08Dic16,50.84
09Dic16,51.5
12Dic16,52.83
13Dic16,52.98
14Dic16,51.04
15Dic16,50.9
16Dic16,51.9
19Dic16,52.12
20Dic16,52.23
21Dic16,51.29
22Dic16,51.95
23Dic16,52.02
26Dic16,52.02
27Dic16,53.9
28Dic16,54.06
29Dic16,53.77
30Dic16,53.72
02Ene17,53.75
03Ene17,52.36
04Ene17,53.26
05Ene17,53.77
06Ene17,53.98
09Ene17,51.95
10Ene17,50.82
11Ene17,52.19
12Ene17,53.01
13Ene17,52.36
16Ene17,52.36
17Ene17,52.45
18Ene17,51.12
19Ene17,51.39
20Ene17,52.33
23Ene17,52.77
24Ene17,52.38
25Ene17,52.14
26Ene17,53.24
27Ene17,53.18
30Ene17,52.63
31Ene17,52.75
01Feb17,53.9
02Feb17,53.55
03Feb17,53.81
06Feb17,53.01
07Feb17,52.19
08Feb17,52.37
09Feb17,52.99
10Feb17,53.84
13Feb17,52.96
14Feb17,53.21
15Feb17,53.11
16Feb17,53.41
17Feb17,53.41
20Feb17,53.41
21Feb17,54.02
22Feb17,53.61
23Feb17,54.48
24Feb17,53.99
27Feb17,54.04
28Feb17,54
01Mar17,53.82
02Mar17,52.63
03Mar17,53.33
06Mar17,53.19
07Mar17,52.68
08Mar17,49.83
09Mar17,48.75
10Mar17,48.05
13Mar17,47.95
14Mar17,47.24
15Mar17,48.34
16Mar17,48.3
17Mar17,48.34
20Mar17,47.79
21Mar17,47.02
22Mar17,47.29
23Mar17,47
24Mar17,47.3
27Mar17,47.02
28Mar17,48.36
29Mar17,49.47
30Mar17,50.3
31Mar17,50.54
03Abr17,50.25
04Abr17,50.99
05Abr17,51.14
06Abr17,51.69
07Abr17,52.25
10Abr17,53.06
11Abr17,53.38
12Abr17,53.12
13Abr17,53.19
14Abr17,53.19
17Abr17,52.62
18Abr17,52.46
19Abr17,50.49
20Abr17,50.26
21Abr17,49.64
24Abr17,48.9
25Abr17,49.22
26Abr17,49.59
27Abr17,48.96
28Abr17,49.31
01May17,48.83
02May17,47.65
03May17,47.79
04May17,45.55
05May17,46.23
08May17,46.46
09May17,45.84
10May17,47.28
11May17,47.81
12May17,47.83
15May17,48.86
16May17,48.64
17May17,49.04
18May17,49.36
19May17,50.32
22May17,50.81
23May17,51.12
24May17,50.99
25May17,48.57
26May17,49.58
29May17,49.58
30May17,49.63
31May17,48.29
01Jun17,48.32
02Jun17,47.68
05Jun17,47.4
06Jun17,48.13
07Jun17,45.8
08Jun17,45.68
09Jun17,45.82
12Jun17,46.1
13Jun17,46.41
14Jun17,44.79
15Jun17,44.47
16Jun17,44.73
19Jun17,44.24
20Jun17,43.34
21Jun17,42.48
22Jun17,42.53
23Jun17,42.86
26Jun17,43.24
27Jun17,44.25
28Jun17,44.74
29Jun17,44.88
30Jun17,46.02
03Jul17,46.02
04Jul17,46.02
05Jul17,45.11
06Jul17,45.52
07Jul17,44.25
10Jul17,44.4
11Jul17,45.06
12Jul17,45.48
13Jul17,46.06
14Jul17,46.53
17Jul17,46.02
18Jul17,46.4
19Jul17,47.1
20Jul17,46.73
21Jul17,45.78
24Jul17,46.21
25Jul17,47.77
26Jul17,48.58
27Jul17,49.05
28Jul17,49.72
31Jul17,50.21
01Ago17,49.19
02Ago17,49.6
03Ago17,49.03
04Ago17,49.57
07Ago17,49.37
08Ago17,49.07
09Ago17,49.59
10Ago17,48.54
11Ago17,48.81
14Ago17,47.59
15Ago17,47.57
16Ago17,46.8
17Ago17,47.07
18Ago17,48.59
21Ago17,47.39
22Ago17,47.65
23Ago17,48.45
24Ago17,47.24
25Ago17,47.65
28Ago17,46.4
29Ago17,46.46
30Ago17,45.96
31Ago17,47.26
01Set17,47.32
04Set17,47.32
05Set17,48.63
06Set17,49.13
07Set17,49.1
08Set17,47.44
11Set17,48.06
12Set17,48.21
13Set17,49.3
14Set17,49.86
15Set17,49.9
18Set17,49.88
19Set17,49.54
20Set17,50.29
21Set17,50.58
22Set17,50.33
25Set17,51.85
26Set17,51.59
27Set17,52.14
28Set17,51.62
29Set17,51.67
02Oct17,50.59
03Oct17,50.44
04Oct17,50
05Oct17,50.79
06Oct17,49.34
09Oct17,49.58
10Oct17,50.93
11Oct17,51.3
12Oct17,50.61
13Oct17,51.43
16Oct17,51.86
17Oct17,51.87
18Oct17,52.05
19Oct17,51.29
20Oct17,51.63
23Oct17,51.91
24Oct17,52.32
25Oct17,51.97
26Oct17,52.41
27Oct17,53.92
30Oct17,54.11
31Oct17,54.36
01Nov17,54.32
02Nov17,54.55
03Nov17,55.63
06Nov17,57.34
07Nov17,57.19
08Nov17,56.82
09Nov17,57.16
10Nov17,56.75
13Nov17,56.77
14Nov17,55.67
15Nov17,55.28
16Nov17,55.14
17Nov17,56.57
20Nov17,56.21
21Nov17,56.84
22Nov17,57.88
23Nov17,57.88
24Nov17,57.88
27Nov17,58.1
28Nov17,57.96
29Nov17,57.25
30Nov17,57.4
01Dic17,58.35
04Dic17,57.48
05Dic17,57.66
06Dic17,55.79
07Dic17,56.5
08Dic17,57.15
11Dic17,57.84
12Dic17,57.12
13Dic17,56.59
14Dic17,57
15Dic17,57.29
18Dic17,57.17
19Dic17,57.49
20Dic17,58.09
21Dic17,58.34
22Dic17,58.25
25Dic17,58.25
26Dic17,59.55
27Dic17,59.67
28Dic17,59.84
29Dic17,60.46
01Ene18,60.46
02Ene18,60.37
03Ene18,61.61
04Ene18,61.98
05Ene18,61.49
08Ene18,61.73
09Ene18,62.92
10Ene18,63.6
11Ene18,63.81
12Ene18,64.22
15Ene18,64.22
16Ene18,63.82
17Ene18,63.92
18Ene18,63.96
19Ene18,63.38
22Ene18,63.66
23Ene18,64.45
24Ene18,65.69
25Ene18,65.62
26Ene18,66.27
29Ene18,65.71
30Ene18,64.64
31Ene18,64.82
01Feb18,65.92
02Feb18,65.5
05Feb18,64.18
06Feb18,63.48
07Feb18,61.91
08Feb18,61.3
09Feb18,59.2
12Feb18,59.41
13Feb18,59.33
14Feb18,60.7
15Feb18,61.48
16Feb18,61.89
19Feb18,61.89
20Feb18,61.91
21Feb18,61.73
22Feb18,62.72
23Feb18,63.52
26Feb18,63.81
27Feb18,62.94
28Feb18,61.43
01Mar18,60.98
02Mar18,61.19
05Mar18,62.49
06Mar18,62.54
07Mar18,61.09
08Mar18,60.13
09Mar18,62.02
12Mar18,61.35
13Mar18,60.69
14Mar18,60.89
15Mar18,61.16
16Mar18,62.29
19Mar18,62.01
20Mar18,63.37
21Mar18,65.1
22Mar18,64.25
23Mar18,65.8
26Mar18,65.49
27Mar18,65.21
28Mar18,64.3
29Mar18,64.87
30Mar18,64.87
02Abr18,63.05
03Abr18,63.41
04Abr18,63.35
05Abr18,63.53
06Abr18,62.03
09Abr18,63.4
10Abr18,65.48
11Abr18,66.81
12Abr18,67.07
13Abr18,67.35
16Abr18,66.23
17Abr18,66.5
18Abr18,68.44
19Abr18,68.3
20Abr18,68.26
23Abr18,67.61
24Abr18,67.66
25Abr18,68
26Abr18,68.18
27Abr18,68.11
30Abr18,68.56
01May18,67.28
02May18,67.91
03May18,68.45
04May18,69.71
07May18,70.74
08May18,68.83
09May18,71.16
10May18,71.36
11May18,70.69
14May18,71.01
15May18,71.34
16May18,71.43
17May18,71.47
18May18,71.23
21May18,72.26
22May18,72.09
23May18,71.85
24May18,70.77
25May18,67.92
28May18,67.92
29May18,66.8
30May18,68.24
31May18,66.98
01Jun18,65.81
04Jun18,64.76
05Jun18,65.51
06Jun18,64.75
07Jun18,65.96
08Jun18,65.77
11Jun18,66.1
12Jun18,66.38
13Jun18,66.63
14Jun18,66.91
15Jun18,65.01
18Jun18,65.91
19Jun18,65.09
20Jun18,65.92
21Jun18,65.68
22Jun18,69.02
25Jun18,69.91
26Jun18,75.23
27Jun18,77.41
28Jun18,73.45
29Jun18,74.13
02Jul18,73.89
03Jul18,74.19
04Jul18,74.19
05Jul18,73.05
06Jul18,73.78
09Jul18,73.93
10Jul18,74.11
11Jul18,70.47
12Jul18,70.28
13Jul18,71.03
16Jul18,68.22
17Jul18,68.03
18Jul18,68.78
19Jul18,69.42
20Jul18,70.31
23Jul18,67.9
24Jul18,70.77
25Jul18,71.13
26Jul18,71.59
27Jul18,68.66
30Jul18,71.19
31Jul18,69.88
01Ago18,68.8
02Ago18,68.95
03Ago18,68.49
06Ago18,69.01
07Ago18,69.17
08Ago18,66.92
09Ago18,66.81
10Ago18,67.61
13Ago18,67.25
14Ago18,67.04
15Ago18,65.07
16Ago18,65.44
17Ago18,65.93
20Ago18,66.5
21Ago18,67.32
22Ago18,67.85
23Ago18,69.13
24Ago18,69.71
27Ago18,69.97
28Ago18,68.54
29Ago18,69.68
30Ago18,70.25
31Ago18,69.84
03Set18,69.84
04Set18,69.82
05Set18,68.69
06Set18,67.81
07Set18,67.73
10Set18,67.55
11Set18,69.29
12Set18,70.37
13Set18,68.6
14Set18,68.98
17Set18,68.86
18Set18,69.87
19Set18,71.08
20Set18,70.77
21Set18,70.8
24Set18,73.23
25Set18,73.4
26Set18,72.22
27Set18,72.18
28Set18,73.16
01Oct18,75.37
02Oct18,75.16
03Oct18,76.4
04Oct18,74.44
05Oct18,74.26
08Oct18,74.27
09Oct18,74.95
10Oct18,73.18
11Oct18,70.97
12Oct18,71.41
15Oct18,71.84
16Oct18,71.93
17Oct18,69.63
18Oct18,68.63
19Oct18,69.16
22Oct18,69.25
23Oct18,66.49
24Oct18,66.56
25Oct18,67.25
26Oct18,67.58
29Oct18,67
30Oct18,66.18
31Oct18,65.31
01Nov18,63.67
02Nov18,63.12
05Nov18,63.12
06Nov18,62.16
07Nov18,61.69
08Nov18,60.71
09Nov18,60.19
12Nov18,59.85
13Nov18,55.63
14Nov18,56.16
15Nov18,56.45
16Nov18,56.49
19Nov18,57.16
20Nov18,53.39
21Nov18,54.41
22Nov18,54.41
23Nov18,54.41
26Nov18,51.46
27Nov18,51.31
28Nov18,50.06
29Nov18,51.46
30Nov18,50.78
03Dic18,52.98
04Dic18,53.21
05Dic18,52.64
06Dic18,51.54
07Dic18,52.76
10Dic18,51.07
11Dic18,51.65
12Dic18,51.04
13Dic18,52.69
14Dic18,51.26
17Dic18,49.8
18Dic18,46.12
19Dic18,47.96
20Dic18,45.64
21Dic18,45.38
24Dic18,45.38
25Dic18,45.38
26Dic18,46.04
27Dic18,44.48
28Dic18,45.15
31Dic18,45.15
01Ene19,45.15
02Ene19,46.31
03Ene19,46.92
04Ene19,47.76
07Ene19,48.27
08Ene19,49.58
09Ene19,52.19
10Ene19,52.42
11Ene19,51.44
14Ene19,50.31
15Ene19,51.8
16Ene19,52.08
17Ene19,51.83
18Ene19,53.6
21Ene19,53.6
22Ene19,52.59
23Ene19,52.44
24Ene19,52.94
25Ene19,53.53
28Ene19,51.79
29Ene19,53.07
30Ene19,54.18
31Ene19,53.84
01Feb19,55.29
04Feb19,54.57
05Feb19,53.69
06Feb19,53.94
07Feb19,52.68
08Feb19,52.75
11Feb19,52.43
12Feb19,53.14
13Feb19,53.84
14Feb19,54.4
15Feb19,55.58
18Feb19,55.58
19Feb19,56.12
20Feb19,56.9
21Feb19,56.95
22Feb19,57.01
25Feb19,55.32
26Feb19,55.4
27Feb19,56.92
28Feb19,57.21
01Mar19,55.76
04Mar19,56.6
05Mar19,56.55
06Mar19,56.22
07Mar19,56.6
08Mar19,55.77
11Mar19,56.79
12Mar19,56.89
13Mar19,58.27
14Mar19,58.59
15Mar19,58.51
18Mar19,59.09
19Mar19,59.12
20Mar19,60.12
21Mar19,59.98
22Mar19,58.87
25Mar19,58.71
26Mar19,59.87
27Mar19,59.39
28Mar19,59.29
29Mar19,60.19
01Abr19,61.59
02Abr19,62.53
03Abr19,62.46
04Abr19,62.12
05Abr19,63.1
08Abr19,64.37
09Abr19,64.05
10Abr19,64.62
11Abr19,63.61
12Abr19,63.86
15Abr19,63.43
16Abr19,64.01
17Abr19,63.74
18Abr19,64.02
19Abr19,64.02
22Abr19,65.66
23Abr19,66.24
24Abr19,65.96
25Abr19,65.23
26Abr19,63.29
29Abr19,63.39
30Abr19,63.83
01May19,63.55
02May19,61.75
03May19,61.98
06May19,62.3
07May19,61.41
08May19,62.13
09May19,61.58
10May19,61.65
13May19,60.97
14May19,61.82
15May19,62.03
16May19,62.93
17May19,62.77
20May19,63.12
21May19,63.02
22May19,61.42
23May19,57.65
24May19,58.4
27May19,58.4
28May19,58.91
29May19,58.84
30May19,56.47
31May19,53.49
03Jun19,53.25
04Jun19,53.5
05Jun19,51.57
06Jun19,52.59
07Jun19,53.95
10Jun19,53.33
11Jun19,53.3
12Jun19,51.13
13Jun19,52.38
14Jun19,52.47
17Jun19,51.94
18Jun19,53.86
19Jun19,53.74
20Jun19,56.88
21Jun19,57.35
24Jun19,57.73
25Jun19,57.63
26Jun19,59.17
27Jun19,59.18
28Jun19,58.2
01Jul19,58.91
02Jul19,56
03Jul19,57.06
04Jul19,57.06
05Jul19,57.06
08Jul19,57.35
09Jul19,57.57
10Jul19,60.28
11Jul19,59.93
12Jul19,59.99
15Jul19,59.3
16Jul19,57.44
17Jul19,56.5
18Jul19,55.08
19Jul19,55.42
22Jul19,55.87
23Jul19,56.58
24Jul19,55.9
25Jul19,55.88
26Jul19,56.04
29Jul19,56.85
30Jul19,58.04
31Jul19,58.53
01Ago19,53.64
02Ago19,55.67
05Ago19,54.63
06Ago19,53.6
07Ago19,51.14
08Ago19,52.6
09Ago19,54.41
12Ago19,54.98
13Ago19,57.05
14Ago19,55.16
15Ago19,54.51
16Ago19,54.83
19Ago19,56.24
20Ago19,56.18
21Ago19,55.65
22Ago19,55.33
23Ago19,54.08
26Ago19,53.54
27Ago19,54.99
28Ago19,55.76
29Ago19,56.67
30Ago19,55.07
02Set19,55.07
03Set19,53.91
04Set19,56.22
05Set19,56.33
06Set19,56.45
09Set19,57.88
10Set19,57.37
11Set19,55.66
12Set19,55.13
13Set19,54.76
16Set19,63.1
17Set19,59.26
18Set19,58.19
19Set19,58.19
20Set19,57.92
23Set19,58.69
24Set19,57.22
25Set19,56.38
26Set19,56.24
27Set19,55.95
30Set19,54.09
01Oct19,53.6
02Oct19,52.67
03Oct19,52.41
04Oct19,52.84
07Oct19,52.76
08Oct19,52.64
09Oct19,52.63
10Oct19,53.57
11Oct19,54.76
14Oct19,53.57
15Oct19,52.81
16Oct19,53.42
17Oct19,53.89
18Oct19,53.75
21Oct19,53.28
22Oct19,54.21
23Oct19,55.9
24Oct19,56.11
25Oct19,56.52
28Oct19,55.6
29Oct19,55.34
30Oct19,54.85
31Oct19,54.02
01Nov19,56.04
04Nov19,56.33
05Nov19,57.04
06Nov19,56.15
07Nov19,56.91
08Nov19,57.02
11Nov19,56.61
12Nov19,56.67
13Nov19,56.88
14Nov19,56.57
15Nov19,57.54
18Nov19,56.82
19Nov19,54.93
20Nov19,56.71
21Nov19,58.36
22Nov19,57.68
25Nov19,57.79
26Nov19,58.25
27Nov19,58.12
28Nov19,58.12
29Nov19,58.12
02Dic19,55.97
03Dic19,56.15
04Dic19,58.46
05Dic19,58.42
06Dic19,59.2
09Dic19,58.99
10Dic19,59.22
11Dic19,58.74
12Dic19,59.18
13Dic19,60.11
16Dic19,60.21
17Dic19,60.88
18Dic19,60.93
19Dic19,61.3
20Dic19,60.43
23Dic19,60.51
24Dic19,61.17
25Dic19,61.17
26Dic19,61.72
27Dic19,61.76
30Dic19,61.66
31Dic19,61.14
01Ene20,61.14
02Ene20,61.17
03Ene20,63
06Ene20,63.27
07Ene20,62.7
08Ene20,59.65
09Ene20,59.56
10Ene20,59.02
13Ene20,58.17
14Ene20,58.34
15Ene20,57.86
16Ene20,58.52
17Ene20,58.55
20Ene20,58.55
21Ene20,58.25
22Ene20,56.76
23Ene20,55.51
24Ene20,54.09
27Ene20,53.09
28Ene20,53.33
29Ene20,53.29
30Ene20,52.19
31Ene20,51.58
03Feb20,50.06
04Feb20,49.59
05Feb20,50.87
06Feb20,50.94
07Feb20,50.34
10Feb20,49.59
11Feb20,50
12Feb20,51.13
13Feb20,51.41
14Feb20,52.03
17Feb20,52.03
18Feb20,52.1
19Feb20,53.31
20Feb20,53.77
21Feb20,53.36
24Feb20,51.36
25Feb20,49.78
26Feb20,48.67
27Feb20,47.17
28Feb20,44.83
02Mar20,46.78
03Mar20,47.27
04Mar20,46.78
05Mar20,45.9
06Mar20,41.14
09Mar20,31.05
10Mar20,34.47
11Mar20,33.13
12Mar20,31.56
13Mar20,31.72
16Mar20,28.96
17Mar20,26.96
18Mar20,20.48
19Mar20,25.09
20Mar20,19.48
23Mar20,23.33
24Mar20,21.03
25Mar20,20.75
26Mar20,16.6
27Mar20,15.48
30Mar20,14.1
31Mar20,20.51
01Abr20,20.28
02Abr20,25.18
03Abr20,28.36
06Abr20,26.21
07Abr20,23.54
08Abr20,24.97
09Abr20,n.d.
10Abr20,22.9
13Abr20,22.36
14Abr20,20.15
15Abr20,19.96
16Abr20,19.82
17Abr20,18.31
20Abr20,-36.98
21Abr20,8.91
22Abr20,13.64
23Abr20,15.06
24Abr20,15.99
27Abr20,12.17
28Abr20,12.4
29Abr20,15.04
30Abr20,19.23
01May20,n.d.
04May20,20.47
05May20,24.56
06May20,23.88
07May20,23.68
08May20,24.73
11May20,24.02
12May20,25.76
13May20,25.37
14May20,27.4
15May20,29.44
18May20,31.83
19May20,32.3
20May20,33.56
21May20,34.3
22May20,33.49
25May20,33.49
26May20,34.7
27May20,32.8
28May20,33.67
29May20,35.57
01Jun20,35.49
02Jun20,36.88
03Jun20,37.33
04Jun20,37.42
05Jun20,39.49
08Jun20,38.17
09Jun20,38.98
10Jun20,39.54
11Jun20,36.43
12Jun20,36.24
15Jun20,37.07
16Jun20,38.26
17Jun20,37.91
18Jun20,38.79
19Jun20,39.72
22Jun20,40.6
23Jun20,40.4
24Jun20,37.91
25Jun20,38.66
26Jun20,38.53
29Jun20,39.67
30Jun20,39.27
01Jul20,39.88
02Jul20,40.57
03Jul20,40.57
06Jul20,40.51
07Jul20,40.59
08Jul20,40.91
09Jul20,39.64
10Jul20,40.56
13Jul20,40.06
14Jul20,40.3
15Jul20,41.2
16Jul20,40.74
17Jul20,40.55
20Jul20,40.83
21Jul20,41.76
22Jul20,41.88
23Jul20,40.99
24Jul20,41.23
27Jul20,41.46
28Jul20,40.89
29Jul20,41.13
30Jul20,39.85
31Jul20,40.1
03Ago20,40.83
04Ago20,41.67
05Ago20,42.25
06Ago20,41.93
07Ago20,41.16
10Ago20,41.94
11Ago20,41.53
12Ago20,42.6
13Ago20,42.26
14Ago20,42.05
17Ago20,42.89
18Ago20,42.89
19Ago20,42.91
20Ago20,42.62
21Ago20,42.32
24Ago20,42.44
25Ago20,43.17
26Ago20,43.21
27Ago20,42.88
28Ago20,42.96
31Ago20,42.61
01Set20,42.76
02Set20,42.76
03Set20,41.39
04Set20,39.69
07Set20,39.69
08Set20,36.87
09Set20,38.05
10Set20,37.25
11Set20,37.33
14Set20,37.23
15Set20,38.29
16Set20,40.17
17Set20,40.99
18Set20,41.09
21Set20,39.26
22Set20,39.55
23Set20,39.92
24Set20,40.11
25Set20,40.06
28Set20,40.47
29Set20,39.03
30Set20,40.05
01Oct20,38.51
02Oct20,36.9
05Oct20,39.12
06Oct20,40.52
07Oct20,39.82
08Oct20,41.04
09Oct20,40.44
12Oct20,39.22
13Oct20,40.03
14Oct20,40.86
15Oct20,40.84
16Oct20,40.7
19Oct20,40.69
20Oct20,41.37
21Oct20,39.88
22Oct20,40.46
23Oct20,39.73
26Oct20,38.39
27Oct20,39.34
28Oct20,37.27
29Oct20,35.94
30Oct20,35.64
02Nov20,36.6
03Nov20,37.44
04Nov20,38.97
05Nov20,38.56
06Nov20,36.97
09Nov20,40.05
10Nov20,41.18
11Nov20,41.23
12Nov20,40.9
13Nov20,39.93
16Nov20,41.14
17Nov20,41.24
18Nov20,41.64
19Nov20,41.57
20Nov20,41.99
23Nov20,42.91
24Nov20,44.71
25Nov20,45.58
26Nov20,45.58
27Nov20,45.58
30Nov20,45.2
01Dic20,44.54
02Dic20,45.23
03Dic20,45.65
04Dic20,46.23
07Dic20,45.72
08Dic20,45.64
09Dic20,45.48
10Dic20,46.76
11Dic20,46.59
14Dic20,47.02
15Dic20,47.58
16Dic20,47.86
17Dic20,48.34
18Dic20,49.04
21Dic20,47.79
22Dic20,47.02
23Dic20,47.94
24Dic20,48.18
25Dic20,48.18
28Dic20,47.5
29Dic20,47.85
30Dic20,48.24
31Dic20,48.35
01Ene21,48.35
04Ene21,47.47
05Ene21,49.78
06Ene21,50.45
07Ene21,50.63
08Ene21,52.14
11Ene21,52.15
12Ene21,53.08
13Ene21,52.81
14Ene21,53.47
15Ene21,52.25
18Ene21,52.25
19Ene21,52.87
20Ene21,53.16
21Ene21,53
22Ene21,52.28
25Ene21,52.78
26Ene21,52.61
27Ene21,52.81
28Ene21,52.26
29Ene21,52.16
01Feb21,53.55
02Feb21,54.77
03Feb21,55.67
04Feb21,56.19
05Feb21,56.8
08Feb21,57.95
09Feb21,58.34
10Feb21,58.69
11Feb21,58.22
12Feb21,59.5
15Feb21,59.5
16Feb21,60.07
17Feb21,61.09
18Feb21,60.4
19Feb21,59.12
22Feb21,61.67
23Feb21,61.66
24Feb21,63.21
25Feb21,63.43
26Feb21,61.55
01Mar21,60.54
02Mar21,59.7
03Mar21,61.33
04Mar21,63.81
05Mar21,66.08
08Mar21,65.03
09Mar21,64.02
10Mar21,64.45
11Mar21,66.02
12Mar21,65.59
15Mar21,65.36
16Mar21,64.82
17Mar21,64.55
18Mar21,59.95
19Mar21,61.43
22Mar21,61.48
23Mar21,57.75
24Mar21,61.12
25Mar21,58.47
26Mar21,60.93
29Mar21,61.49
30Mar21,60.55
31Mar21,59.19
01Abr21,61.41
02Abr21,61.41
05Abr21,58.73
06Abr21,59.34
07Abr21,59.77
08Abr21,59.61
09Abr21,59.29
12Abr21,59.7
13Abr21,60.2
14Abr21,63.15
15Abr21,63.42
16Abr21,63.16
19Abr21,63.33
20Abr21,62.61
21Abr21,61.34
22Abr21,61.45
23Abr21,62.18
26Abr21,62.02
27Abr21,63.03
28Abr21,63.81
29Abr21,65
30Abr21,63.5
03May21,64.46
04May21,65.72
05May21,65.63
06May21,64.73
07May21,64.96
10May21,64.92
11May21,65.31
12May21,65.96
13May21,63.82
14May21,65.32
17May21,66.24
18May21,65.49
19May21,63.28
20May21,61.95
21May21,63.61
24May21,66.13
25May21,66.27
26May21,66.41
27May21,66.87
28May21,66.31
31May21,66.31
01Jun21,67.8
02Jun21,68.79
03Jun21,68.81
04Jun21,69.57
07Jun21,69.21
08Jun21,70.11
09Jun21,69.9
10Jun21,70.34
11Jun21,71
14Jun21,70.94
15Jun21,72.06
16Jun21,72.03
17Jun21,71.06
18Jun21,71.64
21Jun21,73.64
22Jun21,73.15
23Jun21,73.11
24Jun21,73.31
25Jun21,74.21
28Jun21,72.98
29Jun21,73.14
30Jun21,73.52
01Jul21,75.33
02Jul21,75.37
05Jul21,75.37
06Jul21,73.62
07Jul21,72.22
08Jul21,72.98
09Jul21,74.56
12Jul21,74.21
13Jul21,75.24
14Jul21,73.06
15Jul21,71.67
16Jul21,71.76
19Jul21,66.45
20Jul21,67.32
21Jul21,70.26
22Jul21,72.13
23Jul21,72.24
26Jul21,72.15
27Jul21,71.68
28Jul21,72.37
29Jul21,73.62
30Jul21,73.85
02Ago21,71.32
03Ago21,70.64
04Ago21,68.19
05Ago21,69.1
06Ago21,68.26
09Ago21,66.56
10Ago21,68.33
11Ago21,69.3
12Ago21,69.12
13Ago21,68.36
16Ago21,67.44
17Ago21,66.5
18Ago21,65.36
19Ago21,63.69
20Ago21,62.25
23Ago21,65.65
24Ago21,67.5
25Ago21,68.54
26Ago21,67.42
27Ago21,68.84
30Ago21,69.28
31Ago21,68.43
01Set21,68.63
02Set21,70.07
03Set21,69.34
06Set21,69.34
07Set21,68.49
08Set21,69.36
09Set21,68.26
10Set21,69.82
13Set21,70.54
14Set21,70.53
15Set21,72.59
16Set21,72.69
17Set21,72.09
20Set21,70.41
21Set21,70.59
22Set21,72.37
23Set21,73.43
24Set21,74.18
27Set21,75.54
28Set21,75.44
29Set21,75.06
30Set21,75.22
01Oct21,76.01
04Oct21,77.68
05Oct21,79.17
06Oct21,77.66
07Oct21,78.46
08Oct21,79.55
11Oct21,80.64
12Oct21,80.75
13Oct21,80.67
14Oct21,81.43
15Oct21,82.39
18Oct21,82.62
19Oct21,83.19
20Oct21,84.4
21Oct21,82.64
22Oct21,84.53
25Oct21,84.64
26Oct21,85.64
27Oct21,82.66
28Oct21,82.78
29Oct21,83.5
01Nov21,84.08
02Nov21,83.91
03Nov21,80.82
04Nov21,78.88
05Nov21,81.25
08Nov21,81.68
09Nov21,83.91
10Nov21,81.91
11Nov21,81.31
12Nov21,80.43
15Nov21,80.56
16Nov21,80.98
17Nov21,78.06
18Nov21,79.18
19Nov21,76.23
22Nov21,76.79
23Nov21,78.66
24Nov21,78.32
25Nov21,78.32
26Nov21,78.32
29Nov21,69.88
30Nov21,65.3
01Dic21,66.42
02Dic21,66.6
03Dic21,66.32
06Dic21,66.32
07Dic21,71.94
08Dic21,72.43
09Dic21,71.26
10Dic21,71.71
13Dic21,71.29
14Dic21,70.36
15Dic21,70.45
16Dic21,72.41
17Dic21,70.72
20Dic21,68.03
21Dic21,71.36
22Dic21,72.65
23Dic21,73.89
24Dic21,73.89
27Dic21,75.49
28Dic21,76.01
29Dic21,76.58
30Dic21,76.83
31Dic21,75.62
03Ene22,75.86
04Ene22,77.15
05Ene22,78.37
06Ene22,79.2
07Ene22,78.81
10Ene22,78.2
11Ene22,81.14
12Ene22,82.85
13Ene22,82.4
14Ene22,83.82
17Ene22,83.82
18Ene22,84.86
19Ene22,86.49
20Ene22,86.69
21Ene22,84.93
24Ene22,84.74
25Ene22,86.04
26Ene22,88.42
27Ene22,87.72
28Ene22,88.12
31Ene22,88.72
01Feb22,87.92
02Feb22,88.16
03Feb22,89.65
04Feb22,92.53
07Feb22,91.25
08Feb22,89.62
09Feb22,89.63
10Feb22,90.71
11Feb22,93.12
14Feb22,93.93
15Feb22,91.8
16Feb22,93.99
17Feb22,91.25
18Feb22,91.33
21Feb22,91.26
22Feb22,92.4
23Feb22,92.15
24Feb22,95.46
25Feb22,91.28
28Feb22,96.9
01Mar22,104.09
02Mar22,109.35
03Mar22,109.7
04Mar22,115.77
07Mar22,120.85
08Mar22,126.07
09Mar22,109.63
10Mar22,105.93
11Mar22,109.12
14Mar22,103.22
15Mar22,96.42
16Mar22,94.85
17Mar22,102.97
18Mar22,104.69
21Mar22,112.14
22Mar22,111.03
23Mar22,114.73
24Mar22,114.2
25Mar22,116.2
28Mar22,107.55
29Mar22,104.25
30Mar22,107.81
31Mar22,100.53
01Abr22,99.32
04Abr22,103.29
05Abr22,101.98
06Abr22,96.39
07Abr22,96.05
08Abr22,98.35
11Abr22,94.22
12Abr22,100.52
13Abr22,104.26
14Abr22,106.84
15Abr22,106.84
18Abr22,108.24
19Abr22,102.54
20Abr22,102.56
21Abr22,103.89
22Abr22,102.86
25Abr22,99.6
26Abr22,102.58
27Abr22,101.96
28Abr22,105.47
29Abr22,104.59
02May22,105.18
03May22,102.53
04May22,107.84
05May22,108.17
06May22,109.72
09May22,103.08
10May22,99.74
11May22,105.5
12May22,106.15
13May22,110.52
16May22,114.07
17May22,112.31
18May22,109.67
19May22,112.21
20May22,112.63
23May22,110.32
24May22,112.55
25May22,112.88
26May22,116.19
27May22,114.96
30May22,114.96
31May22,114.38
01Jun22,115.26
02Jun22,116.88
03Jun22,118.97
06Jun22,118.41
07Jun22,119.55
08Jun22,121.94
09Jun22,121.52
10Jun22,120.73
13Jun22,120.92
14Jun22,118.92
15Jun22,115.32
16Jun22,117.56
17Jun22,109.56
20Jun22,110.27
21Jun22,110.49
22Jun22,106.22
23Jun22,105.75
24Jun22,109.07
27Jun22,111.44
28Jun22,113.66
29Jun22,111.65
30Jun22,107.76
01Jul22,110.3
04Jul22,110.3
05Jul22,101.55
06Jul22,100.31
07Jul22,104.62
08Jul22,106.78
11Jul22,106.09
12Jul22,97.69
13Jul22,98.44
14Jul22,97.79
15Jul22,99.59
18Jul22,104.48
19Jul22,106.12
20Jul22,104.45
21Jul22,98.44
22Jul22,97.71
25Jul22,99.83
26Jul22,98.22
27Jul22,100.03
28Jul22,99.11
29Jul22,101.31
01Ago22,96.59
02Ago22,97.14
03Ago22,93.25
04Ago22,91.29
05Ago22,91.77
08Ago22,93.52
09Ago22,93.18
10Ago22,94.68
11Ago22,97.02
12Ago22,94.86
15Ago22,92.24
16Ago22,89.23
17Ago22,90.85
18Ago22,93.2
19Ago22,93.55
22Ago22,93.42
23Ago22,96.46
24Ago22,95.52
25Ago22,93.33
26Ago22,93.63
29Ago22,97.4
30Ago22,92.08
31Ago22,90.09
01Set22,87.09
02Set22,87.29
05Set22,87.29
06Set22,87.35
07Set22,82.5
08Set22,84.04
09Set22,87.27
12Set22,88.18
13Set22,87.84
14Set22,88.88
15Set22,85.72
16Set22,85.57
19Set22,86.15
20Set22,84.69
21Set22,83.38
22Set22,84.02
23Set22,79.07
26Set22,77.17
27Set22,78.91
28Set22,82.61
29Set22,81.78
30Set22,79.91
03Oct22,84.05
04Oct22,86.87
